家族類型,所有,建て方,面積,世帯数
0,0,0,0,12
0,0,0,1,34
0,0,0,2,65
0,0,0,3,818
0,0,0,4,1120
0,0,0,5,755
0,0,1,0,2
0,0,1,1,0
0,0,1,2,7
0,0,1,3,6
0,0,1,4,11
0,0,1,5,0
0,0,2,0,15
0,0,2,1,40
0,0,2,2,1240
0,0,2,3,1998
0,0,2,4,15
0,0,2,5,4
0,0,3,0,0
0,0,3,1,2
0,0,3,2,0
0,0,3,3,3
0,0,3,4,2
0,0,3,5,2
0,1,0,0,0
0,1,0,1,0
0,1,0,2,0
0,1,0,3,0
0,1,0,4,0
0,1,0,5,0
0,1,1,0,0
0,1,1,1,0
0,1,1,2,1
0,1,1,3,0
0,1,1,4,0
0,1,1,5,0
0,1,2,0,54
0,1,2,1,687
0,1,2,2,1059
0,1,2,3,40
0,1,2,4,0
0,1,2,5,0
0,1,3,0,0
0,1,3,1,0
0,1,3,2,0
0,1,3,3,0
0,1,3,4,0
0,1,3,5,0
0,2,0,0,12
0,2,0,1,2
0,2,0,2,4
0,2,0,3,1
0,2,0,4,1
0,2,0,5,0
0,2,1,0,0
0,2,1,1,6
0,2,1,2,31
0,2,1,3,1
0,2,1,4,0
0,2,1,5,0
0,2,2,0,3516
0,2,2,1,955
0,2,2,2,11
0,2,2,3,9
0,2,2,4,5
0,2,2,5,1
0,2,3,0,11
0,2,3,1,7
0,2,3,2,2
0,2,3,3,2
0,2,3,4,0
0,2,3,5,2
0,3,0,0,0
0,3,0,1,0
0,3,0,2,2
0,3,0,3,8
0,3,0,4,12
0,3,0,5,2
0,3,1,0,4
0,3,1,1,3
0,3,1,2,5
0,3,1,3,3
0,3,1,4,0
0,3,1,5,0
0,3,2,0,350
0,3,2,1,132
0,3,2,2,3
0,3,2,3,17
0,3,2,4,0
0,3,2,5,1
0,3,3,0,0
0,3,3,1,2
0,3,3,2,1
0,3,3,3,3
0,3,3,4,0
0,3,3,5,0
0,4,0,0,27
0,4,0,1,21
0,4,0,2,10
0,4,0,3,6
0,4,0,4,0
0,4,0,5,0
0,4,1,0,4
0,4,1,1,0
0,4,1,2,0
0,4,1,3,1
0,4,1,4,0
0,4,1,5,0
0,4,2,0,2
0,4,2,1,3
0,4,2,2,1
0,4,2,3,3
0,4,2,4,0
0,4,2,5,0
0,4,3,0,0
0,4,3,1,0
0,4,3,2,0
0,4,3,3,0
0,4,3,4,0
0,4,3,5,0
1,0,0,0,6
1,0,0,1,217
1,0,0,2,497
1,0,0,3,975
1,0,0,4,1307
1,0,0,5,1041
1,0,1,0,0
1,0,1,1,0
1,0,1,2,0
1,0,1,3,14
1,0,1,4,1
1,0,1,5,0
1,0,2,0,20
1,0,2,1,462
1,0,2,2,1709
1,0,2,3,2316
1,0,2,4,422
1,0,2,5,5
1,0,3,0,1
1,0,3,1,0
1,0,3,2,3
1,0,3,3,8
1,0,3,4,4
1,0,3,5,6
1,1,0,0,0
1,1,0,1,0
1,1,0,2,0
1,1,0,3,0
1,1,0,4,0
1,1,0,5,0
1,1,1,0,0
1,1,1,1,0
1,1,1,2,0
1,1,1,3,0
1,1,1,4,0
1,1,1,5,0
1,1,2,0,12
1,1,2,1,737
1,1,2,2,1236
1,1,2,3,18
1,1,2,4,0
1,1,2,5,0
1,1,3,0,0
1,1,3,1,0
1,1,3,2,0
1,1,3,3,0
1,1,3,4,0
1,1,3,5,0
1,2,0,0,10
1,2,0,1,2
1,2,0,2,4
1,2,0,3,0
1,2,0,4,4
1,2,0,5,3
1,2,1,0,2
1,2,1,1,6
1,2,1,2,3
1,2,1,3,5
1,2,1,4,3
1,2,1,5,0
1,2,2,0,3894
1,2,2,1,1835
1,2,2,2,3
1,2,2,3,4
1,2,2,4,9
1,2,2,5,9
1,2,3,0,1
1,2,3,1,5
1,2,3,2,0
1,2,3,3,0
1,2,3,4,0
1,2,3,5,0
1,3,0,0,1
1,3,0,1,14
1,3,0,2,4
1,3,0,3,1
1,3,0,4,12
1,3,0,5,10
1,3,1,0,3
1,3,1,1,0
1,3,1,2,0
1,3,1,3,0
1,3,1,4,0
1,3,1,5,0
1,3,2,0,302
1,3,2,1,486
1,3,2,2,184
1,3,2,3,16
1,3,2,4,12
1,3,2,5,0
1,3,3,0,4
1,3,3,1,1
1,3,3,2,6
1,3,3,3,0
1,3,3,4,0
1,3,3,5,1
1,4,0,0,19
1,4,0,1,0
1,4,0,2,50
1,4,0,3,0
1,4,0,4,0
1,4,0,5,0
1,4,1,0,7
1,4,1,1,5
1,4,1,2,1
1,4,1,3,0
1,4,1,4,0
1,4,1,5,0
1,4,2,0,29
1,4,2,1,19
1,4,2,2,1
1,4,2,3,21
1,4,2,4,0
1,4,2,5,0
1,4,3,0,3
1,4,3,1,1
1,4,3,2,1
1,4,3,3,0
1,4,3,4,0
1,4,3,5,0
10,0,0,0,1
10,0,0,1,11
10,0,0,2,26
10,0,0,3,14
10,0,0,4,23
10,0,0,5,23
10,0,1,0,1
10,0,1,1,0
10,0,1,2,1
10,0,1,3,8
10,0,1,4,13
10,0,1,5,0
10,0,2,0,12
10,0,2,1,5
10,0,2,2,5
10,0,2,3,48
10,0,2,4,0
10,0,2,5,10
10,0,3,0,1
10,0,3,1,1
10,0,3,2,0
10,0,3,3,4
10,0,3,4,1
10,0,3,5,0
10,1,0,0,0
10,1,0,1,0
10,1,0,2,0
10,1,0,3,0
10,1,0,4,0
10,1,0,5,0
10,1,1,0,0
10,1,1,1,0
10,1,1,2,0
10,1,1,3,0
10,1,1,4,0
10,1,1,5,0
10,1,2,0,5
10,1,2,1,11
10,1,2,2,2
10,1,2,3,9
10,1,2,4,0
10,1,2,5,1
10,1,3,0,0
10,1,3,1,0
10,1,3,2,0
10,1,3,3,0
10,1,3,4,0
10,1,3,5,0
10,2,0,0,2
10,2,0,1,0
10,2,0,2,1
10,2,0,3,0
10,2,0,4,1
10,2,0,5,13
10,2,1,0,2
10,2,1,1,0
10,2,1,2,3
10,2,1,3,2
10,2,1,4,0
10,2,1,5,2
10,2,2,0,20
10,2,2,1,2
10,2,2,2,0
10,2,2,3,4
10,2,2,4,0
10,2,2,5,2
10,2,3,0,6
10,2,3,1,2
10,2,3,2,0
10,2,3,3,1
10,2,3,4,0
10,2,3,5,0
10,3,0,0,0
10,3,0,1,0
10,3,0,2,0
10,3,0,3,0
10,3,0,4,1
10,3,0,5,0
10,3,1,0,0
10,3,1,1,0
10,3,1,2,0
10,3,1,3,0
10,3,1,4,0
10,3,1,5,0
10,3,2,0,0
10,3,2,1,0
10,3,2,2,1
10,3,2,3,1
10,3,2,4,0
10,3,2,5,0
10,3,3,0,0
10,3,3,1,1
10,3,3,2,0
10,3,3,3,0
10,3,3,4,0
10,3,3,5,0
10,4,0,0,1
10,4,0,1,2
10,4,0,2,1
10,4,0,3,0
10,4,0,4,0
10,4,0,5,0
10,4,1,0,0
10,4,1,1,0
10,4,1,2,0
10,4,1,3,0
10,4,1,4,0
10,4,1,5,0
10,4,2,0,0
10,4,2,1,1
10,4,2,2,1
10,4,2,3,0
10,4,2,4,0
10,4,2,5,0
10,4,3,0,0
10,4,3,1,0
10,4,3,2,0
10,4,3,3,0
10,4,3,4,0
10,4,3,5,0
11,0,0,0,1
11,0,0,1,1
11,0,0,2,0
11,0,0,3,1
11,0,0,4,11
11,0,0,5,8
11,0,1,0,0
11,0,1,1,0
11,0,1,2,0
11,0,1,3,0
11,0,1,4,0
11,0,1,5,1
11,0,2,0,0
11,0,2,1,4
11,0,2,2,2
11,0,2,3,2
11,0,2,4,3
11,0,2,5,0
11,0,3,0,1
11,0,3,1,0
11,0,3,2,0
11,0,3,3,1
11,0,3,4,1
11,0,3,5,1
11,1,0,0,0
11,1,0,1,0
11,1,0,2,0
11,1,0,3,0
11,1,0,4,0
11,1,0,5,0
11,1,1,0,0
11,1,1,1,0
11,1,1,2,0
11,1,1,3,0
11,1,1,4,0
11,1,1,5,0
11,1,2,0,0
11,1,2,1,1
11,1,2,2,0
11,1,2,3,1
11,1,2,4,0
11,1,2,5,0
11,1,3,0,0
11,1,3,1,0
11,1,3,2,0
11,1,3,3,0
11,1,3,4,0
11,1,3,5,0
11,2,0,0,0
11,2,0,1,0
11,2,0,2,0
11,2,0,3,0
11,2,0,4,0
11,2,0,5,0
11,2,1,0,1
11,2,1,1,0
11,2,1,2,0
11,2,1,3,0
11,2,1,4,0
11,2,1,5,1
11,2,2,0,2
11,2,2,1,1
11,2,2,2,0
11,2,2,3,1
11,2,2,4,1
11,2,2,5,0
11,2,3,0,2
11,2,3,1,0
11,2,3,2,0
11,2,3,3,2
11,2,3,4,0
11,2,3,5,0
11,3,0,0,0
11,3,0,1,0
11,3,0,2,0
11,3,0,3,0
11,3,0,4,0
11,3,0,5,0
11,3,1,0,0
11,3,1,1,0
11,3,1,2,0
11,3,1,3,0
11,3,1,4,0
11,3,1,5,0
11,3,2,0,0
11,3,2,1,0
11,3,2,2,0
11,3,2,3,0
11,3,2,4,0
11,3,2,5,0
11,3,3,0,0
11,3,3,1,0
11,3,3,2,0
11,3,3,3,0
11,3,3,4,0
11,3,3,5,0
11,4,0,0,0
11,4,0,1,0
11,4,0,2,0
11,4,0,3,0
11,4,0,4,0
11,4,0,5,0
11,4,1,0,0
11,4,1,1,0
11,4,1,2,0
11,4,1,3,0
11,4,1,4,0
11,4,1,5,0
11,4,2,0,0
11,4,2,1,0
11,4,2,2,0
11,4,2,3,0
11,4,2,4,0
11,4,2,5,0
11,4,3,0,0
11,4,3,1,1
11,4,3,2,0
11,4,3,3,0
11,4,3,4,0
11,4,3,5,0
12,0,0,0,0
12,0,0,1,6
12,0,0,2,11
12,0,0,3,6
12,0,0,4,3
12,0,0,5,1
12,0,1,0,0
12,0,1,1,2
12,0,1,2,0
12,0,1,3,0
12,0,1,4,0
12,0,1,5,0
12,0,2,0,4
12,0,2,1,3
12,0,2,2,19
12,0,2,3,7
12,0,2,4,19
12,0,2,5,1
12,0,3,0,1
12,0,3,1,1
12,0,3,2,0
12,0,3,3,1
12,0,3,4,1
12,0,3,5,1
12,1,0,0,0
12,1,0,1,0
12,1,0,2,0
12,1,0,3,0
12,1,0,4,0
12,1,0,5,0
12,1,1,0,0
12,1,1,1,0
12,1,1,2,0
12,1,1,3,0
12,1,1,4,0
12,1,1,5,0
12,1,2,0,2
12,1,2,1,1
12,1,2,2,0
12,1,2,3,2
12,1,2,4,0
12,1,2,5,0
12,1,3,0,0
12,1,3,1,0
12,1,3,2,0
12,1,3,3,0
12,1,3,4,0
12,1,3,5,0
12,2,0,0,0
12,2,0,1,0
12,2,0,2,1
12,2,0,3,0
12,2,0,4,0
12,2,0,5,0
12,2,1,0,0
12,2,1,1,0
12,2,1,2,0
12,2,1,3,0
12,2,1,4,1
12,2,1,5,0
12,2,2,0,0
12,2,2,1,1
12,2,2,2,0
12,2,2,3,0
12,2,2,4,0
12,2,2,5,0
12,2,3,0,0
12,2,3,1,1
12,2,3,2,0
12,2,3,3,0
12,2,3,4,0
12,2,3,5,0
12,3,0,0,0
12,3,0,1,0
12,3,0,2,0
12,3,0,3,0
12,3,0,4,0
12,3,0,5,0
12,3,1,0,0
12,3,1,1,0
12,3,1,2,0
12,3,1,3,0
12,3,1,4,0
12,3,1,5,0
12,3,2,0,0
12,3,2,1,0
12,3,2,2,0
12,3,2,3,1
12,3,2,4,0
12,3,2,5,0
12,3,3,0,0
12,3,3,1,0
12,3,3,2,0
12,3,3,3,0
12,3,3,4,0
12,3,3,5,0
12,4,0,0,0
12,4,0,1,0
12,4,0,2,0
12,4,0,3,0
12,4,0,4,0
12,4,0,5,0
12,4,1,0,0
12,4,1,1,1
12,4,1,2,0
12,4,1,3,0
12,4,1,4,0
12,4,1,5,0
12,4,2,0,0
12,4,2,1,0
12,4,2,2,0
12,4,2,3,0
12,4,2,4,0
12,4,2,5,0
12,4,3,0,0
12,4,3,1,0
12,4,3,2,0
12,4,3,3,0
12,4,3,4,0
12,4,3,5,0
13,0,0,0,1
13,0,0,1,0
13,0,0,2,2
13,0,0,3,0
13,0,0,4,40
13,0,0,5,0
13,0,1,0,1
13,0,1,1,6
13,0,1,2,7
13,0,1,3,0
13,0,1,4,1
13,0,1,5,0
13,0,2,0,15
13,0,2,1,7
13,0,2,2,24
13,0,2,3,130
13,0,2,4,10
13,0,2,5,2
13,0,3,0,1
13,0,3,1,1
13,0,3,2,0
13,0,3,3,0
13,0,3,4,1
13,0,3,5,0
13,1,0,0,0
13,1,0,1,0
13,1,0,2,0
13,1,0,3,0
13,1,0,4,0
13,1,0,5,0
13,1,1,0,0
13,1,1,1,0
13,1,1,2,1
13,1,1,3,0
13,1,1,4,0
13,1,1,5,0
13,1,2,0,21
13,1,2,1,9
13,1,2,2,104
13,1,2,3,8
13,1,2,4,1
13,1,2,5,0
13,1,3,0,0
13,1,3,1,0
13,1,3,2,0
13,1,3,3,0
13,1,3,4,0
13,1,3,5,0
13,2,0,0,7
13,2,0,1,0
13,2,0,2,3
13,2,0,3,2
13,2,0,4,5
13,2,0,5,4
13,2,1,0,11
13,2,1,1,2
13,2,1,2,6
13,2,1,3,0
13,2,1,4,4
13,2,1,5,0
13,2,2,0,583
13,2,2,1,12
13,2,2,2,10
13,2,2,3,1
13,2,2,4,0
13,2,2,5,0
13,2,3,0,1
13,2,3,1,14
13,2,3,2,3
13,2,3,3,0
13,2,3,4,0
13,2,3,5,0
13,3,0,0,0
13,3,0,1,0
13,3,0,2,1
13,3,0,3,0
13,3,0,4,0
13,3,0,5,1
13,3,1,0,0
13,3,1,1,0
13,3,1,2,0
13,3,1,3,0
13,3,1,4,1
13,3,1,5,0
13,3,2,0,0
13,3,2,1,0
13,3,2,2,0
13,3,2,3,0
13,3,2,4,1
13,3,2,5,0
13,3,3,0,0
13,3,3,1,1
13,3,3,2,1
13,3,3,3,0
13,3,3,4,0
13,3,3,5,0
13,4,0,0,0
13,4,0,1,0
13,4,0,2,0
13,4,0,3,1
13,4,0,4,0
13,4,0,5,0
13,4,1,0,2
13,4,1,1,2
13,4,1,2,0
13,4,1,3,0
13,4,1,4,0
13,4,1,5,0
13,4,2,0,3
13,4,2,1,3
13,4,2,2,2
13,4,2,3,0
13,4,2,4,0
13,4,2,5,0
13,4,3,0,2
13,4,3,1,0
13,4,3,2,0
13,4,3,3,0
13,4,3,4,0
13,4,3,5,0
14,0,0,0,3
14,0,0,1,1
14,0,0,2,0
14,0,0,3,8
14,0,0,4,30
14,0,0,5,14
14,0,1,0,1
14,0,1,1,4
14,0,1,2,4
14,0,1,3,0
14,0,1,4,4
14,0,1,5,0
14,0,2,0,38
14,0,2,1,26
14,0,2,2,44
14,0,2,3,142
14,0,2,4,38
14,0,2,5,19
14,0,3,0,2
14,0,3,1,0
14,0,3,2,3
14,0,3,3,2
14,0,3,4,6
14,0,3,5,1
14,1,0,0,0
14,1,0,1,0
14,1,0,2,0
14,1,0,3,0
14,1,0,4,0
14,1,0,5,0
14,1,1,0,0
14,1,1,1,0
14,1,1,2,0
14,1,1,3,0
14,1,1,4,0
14,1,1,5,0
14,1,2,0,38
14,1,2,1,17
14,1,2,2,112
14,1,2,3,0
14,1,2,4,4
14,1,2,5,0
14,1,3,0,0
14,1,3,1,0
14,1,3,2,0
14,1,3,3,0
14,1,3,4,0
14,1,3,5,0
14,2,0,0,4
14,2,0,1,4
14,2,0,2,24
14,2,0,3,0
14,2,0,4,10
14,2,0,5,2
14,2,1,0,7
14,2,1,1,8
14,2,1,2,19
14,2,1,3,2
14,2,1,4,0
14,2,1,5,0
14,2,2,0,121
14,2,2,1,0
14,2,2,2,14
14,2,2,3,9
14,2,2,4,15
14,2,2,5,0
14,2,3,0,6
14,2,3,1,0
14,2,3,2,3
14,2,3,3,0
14,2,3,4,1
14,2,3,5,1
14,3,0,0,1
14,3,0,1,0
14,3,0,2,1
14,3,0,3,1
14,3,0,4,0
14,3,0,5,0
14,3,1,0,0
14,3,1,1,0
14,3,1,2,0
14,3,1,3,0
14,3,1,4,0
14,3,1,5,0
14,3,2,0,0
14,3,2,1,0
14,3,2,2,0
14,3,2,3,1
14,3,2,4,1
14,3,2,5,0
14,3,3,0,1
14,3,3,1,0
14,3,3,2,1
14,3,3,3,0
14,3,3,4,0
14,3,3,5,1
14,4,0,0,0
14,4,0,1,2
14,4,0,2,1
14,4,0,3,0
14,4,0,4,0
14,4,0,5,0
14,4,1,0,0
14,4,1,1,0
14,4,1,2,0
14,4,1,3,0
14,4,1,4,0
14,4,1,5,0
14,4,2,0,0
14,4,2,1,0
14,4,2,2,2
14,4,2,3,0
14,4,2,4,0
14,4,2,5,0
14,4,3,0,1
14,4,3,1,0
14,4,3,2,0
14,4,3,3,0
14,4,3,4,0
14,4,3,5,0
15,0,0,0,25
15,0,0,1,2
15,0,0,2,3
15,0,0,3,17
15,0,0,4,10
15,0,0,5,36
15,0,1,0,2
15,0,1,1,8
15,0,1,2,0
15,0,1,3,0
15,0,1,4,3
15,0,1,5,0
15,0,2,0,2
15,0,2,1,6
15,0,2,2,31
15,0,2,3,45
15,0,2,4,7
15,0,2,5,2
15,0,3,0,0
15,0,3,1,0
15,0,3,2,1
15,0,3,3,0
15,0,3,4,0
15,0,3,5,8
15,1,0,0,0
15,1,0,1,0
15,1,0,2,0
15,1,0,3,0
15,1,0,4,0
15,1,0,5,0
15,1,1,0,0
15,1,1,1,1
15,1,1,2,0
15,1,1,3,0
15,1,1,4,0
15,1,1,5,0
15,1,2,0,4
15,1,2,1,18
15,1,2,2,31
15,1,2,3,42
15,1,2,4,2
15,1,2,5,0
15,1,3,0,0
15,1,3,1,0
15,1,3,2,0
15,1,3,3,0
15,1,3,4,0
15,1,3,5,0
15,2,0,0,0
15,2,0,1,3
15,2,0,2,1
15,2,0,3,1
15,2,0,4,2
15,2,0,5,5
15,2,1,0,3
15,2,1,1,1
15,2,1,2,0
15,2,1,3,10
15,2,1,4,3
15,2,1,5,0
15,2,2,0,1166
15,2,2,1,4
15,2,2,2,0
15,2,2,3,2
15,2,2,4,1
15,2,2,5,0
15,2,3,0,2
15,2,3,1,0
15,2,3,2,0
15,2,3,3,0
15,2,3,4,0
15,2,3,5,1
15,3,0,0,0
15,3,0,1,0
15,3,0,2,7
15,3,0,3,1
15,3,0,4,3
15,3,0,5,2
15,3,1,0,0
15,3,1,1,0
15,3,1,2,0
15,3,1,3,1
15,3,1,4,0
15,3,1,5,3
15,3,2,0,1
15,3,2,1,4
15,3,2,2,0
15,3,2,3,1
15,3,2,4,5
15,3,2,5,1
15,3,3,0,1
15,3,3,1,1
15,3,3,2,2
15,3,3,3,2
15,3,3,4,0
15,3,3,5,1
15,4,0,0,0
15,4,0,1,1
15,4,0,2,0
15,4,0,3,1
15,4,0,4,0
15,4,0,5,0
15,4,1,0,6
15,4,1,1,1
15,4,1,2,0
15,4,1,3,1
15,4,1,4,0
15,4,1,5,0
15,4,2,0,0
15,4,2,1,1
15,4,2,2,3
15,4,2,3,0
15,4,2,4,0
15,4,2,5,0
15,4,3,0,2
15,4,3,1,0
15,4,3,2,0
15,4,3,3,1
15,4,3,4,0
15,4,3,5,0
2,0,0,0,21
2,0,0,1,12
2,0,0,2,4
2,0,0,3,3
2,0,0,4,33
2,0,0,5,29
2,0,1,0,0
2,0,1,1,0
2,0,1,2,0
2,0,1,3,0
2,0,1,4,9
2,0,1,5,0
2,0,2,0,3
2,0,2,1,6
2,0,2,2,12
2,0,2,3,174
2,0,2,4,1
2,0,2,5,6
2,0,3,0,2
2,0,3,1,2
2,0,3,2,0
2,0,3,3,7
2,0,3,4,4
2,0,3,5,0
2,1,0,0,0
2,1,0,1,0
2,1,0,2,0
2,1,0,3,0
2,1,0,4,0
2,1,0,5,0
2,1,1,0,0
2,1,1,1,0
2,1,1,2,0
2,1,1,3,0
2,1,1,4,0
2,1,1,5,0
2,1,2,0,6
2,1,2,1,32
2,1,2,2,107
2,1,2,3,10
2,1,2,4,1
2,1,2,5,0
2,1,3,0,0
2,1,3,1,0
2,1,3,2,0
2,1,3,3,0
2,1,3,4,0
2,1,3,5,0
2,2,0,0,0
2,2,0,1,0
2,2,0,2,9
2,2,0,3,0
2,2,0,4,2
2,2,0,5,0
2,2,1,0,3
2,2,1,1,0
2,2,1,2,3
2,2,1,3,1
2,2,1,4,1
2,2,1,5,0
2,2,2,0,232
2,2,2,1,7
2,2,2,2,8
2,2,2,3,9
2,2,2,4,9
2,2,2,5,2
2,2,3,0,18
2,2,3,1,0
2,2,3,2,1
2,2,3,3,1
2,2,3,4,0
2,2,3,5,0
2,3,0,0,1
2,3,0,1,6
2,3,0,2,0
2,3,0,3,3
2,3,0,4,2
2,3,0,5,0
2,3,1,0,0
2,3,1,1,1
2,3,1,2,1
2,3,1,3,0
2,3,1,4,0
2,3,1,5,0
2,3,2,0,0
2,3,2,1,0
2,3,2,2,2
2,3,2,3,3
2,3,2,4,2
2,3,2,5,0
2,3,3,0,0
2,3,3,1,3
2,3,3,2,2
2,3,3,3,0
2,3,3,4,3
2,3,3,5,1
2,4,0,0,2
2,4,0,1,1
2,4,0,2,1
2,4,0,3,2
2,4,0,4,0
2,4,0,5,0
2,4,1,0,1
2,4,1,1,0
2,4,1,2,0
2,4,1,3,0
2,4,1,4,0
2,4,1,5,0
2,4,2,0,1
2,4,2,1,0
2,4,2,2,1
2,4,2,3,1
2,4,2,4,0
2,4,2,5,0
2,4,3,0,0
2,4,3,1,0
2,4,3,2,0
2,4,3,3,0
2,4,3,4,0
2,4,3,5,0
3,0,0,0,0
3,0,0,1,25
3,0,0,2,6
3,0,0,3,23
3,0,0,4,426
3,0,0,5,32
3,0,1,0,0
3,0,1,1,4
3,0,1,2,1
3,0,1,3,0
3,0,1,4,0
3,0,1,5,0
3,0,2,0,6
3,0,2,1,18
3,0,2,2,737
3,0,2,3,1158
3,0,2,4,16
3,0,2,5,10
3,0,3,0,0
3,0,3,1,1
3,0,3,2,13
3,0,3,3,0
3,0,3,4,2
3,0,3,5,0
3,1,0,0,0
3,1,0,1,0
3,1,0,2,0
3,1,0,3,0
3,1,0,4,0
3,1,0,5,0
3,1,1,0,0
3,1,1,1,0
3,1,1,2,0
3,1,1,3,0
3,1,1,4,0
3,1,1,5,0
3,1,2,0,32
3,1,2,1,466
3,1,2,2,936
3,1,2,3,78
3,1,2,4,2
3,1,2,5,0
3,1,3,0,0
3,1,3,1,0
3,1,3,2,0
3,1,3,3,0
3,1,3,4,0
3,1,3,5,0
3,2,0,0,2
3,2,0,1,10
3,2,0,2,3
3,2,0,3,10
3,2,0,4,4
3,2,0,5,3
3,2,1,0,3
3,2,1,1,16
3,2,1,2,12
3,2,1,3,1
3,2,1,4,0
3,2,1,5,2
3,2,2,0,2122
3,2,2,1,185
3,2,2,2,6
3,2,2,3,0
3,2,2,4,2
3,2,2,5,13
3,2,3,0,0
3,2,3,1,2
3,2,3,2,4
3,2,3,3,1
3,2,3,4,1
3,2,3,5,0
3,3,0,0,2
3,3,0,1,6
3,3,0,2,4
3,3,0,3,10
3,3,0,4,0
3,3,0,5,4
3,3,1,0,3
3,3,1,1,0
3,3,1,2,0
3,3,1,3,2
3,3,1,4,1
3,3,1,5,0
3,3,2,0,12
3,3,2,1,33
3,3,2,2,0
3,3,2,3,0
3,3,2,4,2
3,3,2,5,0
3,3,3,0,2
3,3,3,1,1
3,3,3,2,0
3,3,3,3,3
3,3,3,4,1
3,3,3,5,0
3,4,0,0,11
3,4,0,1,5
3,4,0,2,1
3,4,0,3,1
3,4,0,4,0
3,4,0,5,0
3,4,1,0,1
3,4,1,1,0
3,4,1,2,1
3,4,1,3,0
3,4,1,4,0
3,4,1,5,0
3,4,2,0,41
3,4,2,1,4
3,4,2,2,15
3,4,2,3,14
3,4,2,4,0
3,4,2,5,0
3,4,3,0,2
3,4,3,1,0
3,4,3,2,0
3,4,3,3,0
3,4,3,4,0
3,4,3,5,0
4,0,0,0,0
4,0,0,1,0
4,0,0,2,5
4,0,0,3,22
4,0,0,4,5
4,0,0,5,2
4,0,1,0,3
4,0,1,1,1
4,0,1,2,2
4,0,1,3,2
4,0,1,4,2
4,0,1,5,0
4,0,2,0,1
4,0,2,1,3
4,0,2,2,15
4,0,2,3,9
4,0,2,4,4
4,0,2,5,3
4,0,3,0,0
4,0,3,1,1
4,0,3,2,0
4,0,3,3,0
4,0,3,4,0
4,0,3,5,1
4,1,0,0,0
4,1,0,1,0
4,1,0,2,0
4,1,0,3,0
4,1,0,4,0
4,1,0,5,0
4,1,1,0,0
4,1,1,1,0
4,1,1,2,0
4,1,1,3,0
4,1,1,4,0
4,1,1,5,0
4,1,2,0,1
4,1,2,1,2
4,1,2,2,0
4,1,2,3,2
4,1,2,4,1
4,1,2,5,0
4,1,3,0,0
4,1,3,1,0
4,1,3,2,0
4,1,3,3,0
4,1,3,4,0
4,1,3,5,0
4,2,0,0,0
4,2,0,1,0
4,2,0,2,2
4,2,0,3,0
4,2,0,4,0
4,2,0,5,0
4,2,1,0,0
4,2,1,1,0
4,2,1,2,0
4,2,1,3,2
4,2,1,4,0
4,2,1,5,0
4,2,2,0,1
4,2,2,1,1
4,2,2,2,0
4,2,2,3,0
4,2,2,4,1
4,2,2,5,0
4,2,3,0,0
4,2,3,1,1
4,2,3,2,0
4,2,3,3,0
4,2,3,4,0
4,2,3,5,1
4,3,0,0,0
4,3,0,1,1
4,3,0,2,0
4,3,0,3,0
4,3,0,4,0
4,3,0,5,0
4,3,1,0,0
4,3,1,1,0
4,3,1,2,0
4,3,1,3,0
4,3,1,4,0
4,3,1,5,0
4,3,2,0,0
4,3,2,1,0
4,3,2,2,0
4,3,2,3,0
4,3,2,4,0
4,3,2,5,1
4,3,3,0,0
4,3,3,1,0
4,3,3,2,0
4,3,3,3,0
4,3,3,4,0
4,3,3,5,1
4,4,0,0,0
4,4,0,1,0
4,4,0,2,0
4,4,0,3,0
4,4,0,4,0
4,4,0,5,0
4,4,1,0,0
4,4,1,1,0
4,4,1,2,0
4,4,1,3,0
4,4,1,4,0
4,4,1,5,0
4,4,2,0,0
4,4,2,1,0
4,4,2,2,0
4,4,2,3,0
4,4,2,4,0
4,4,2,5,0
4,4,3,0,0
4,4,3,1,0
4,4,3,2,0
4,4,3,3,0
4,4,3,4,0
4,4,3,5,0
5,0,0,0,0
5,0,0,1,11
5,0,0,2,32
5,0,0,3,13
5,0,0,4,9
5,0,0,5,1
5,0,1,0,0
5,0,1,1,2
5,0,1,2,5
5,0,1,3,0
5,0,1,4,0
5,0,1,5,0
5,0,2,0,6
5,0,2,1,0
5,0,2,2,30
5,0,2,3,216
5,0,2,4,10
5,0,2,5,8
5,0,3,0,2
5,0,3,1,0
5,0,3,2,1
5,0,3,3,0
5,0,3,4,1
5,0,3,5,0
5,1,0,0,0
5,1,0,1,0
5,1,0,2,0
5,1,0,3,0
5,1,0,4,0
5,1,0,5,0
5,1,1,0,0
5,1,1,1,0
5,1,1,2,0
5,1,1,3,0
5,1,1,4,0
5,1,1,5,0
5,1,2,0,2
5,1,2,1,4
5,1,2,2,1
5,1,2,3,24
5,1,2,4,0
5,1,2,5,1
5,1,3,0,0
5,1,3,1,0
5,1,3,2,0
5,1,3,3,0
5,1,3,4,0
5,1,3,5,0
5,2,0,0,3
5,2,0,1,4
5,2,0,2,4
5,2,0,3,0
5,2,0,4,6
5,2,0,5,1
5,2,1,0,3
5,2,1,1,5
5,2,1,2,3
5,2,1,3,1
5,2,1,4,6
5,2,1,5,0
5,2,2,0,7
5,2,2,1,3
5,2,2,2,0
5,2,2,3,4
5,2,2,4,0
5,2,2,5,3
5,2,3,0,0
5,2,3,1,0
5,2,3,2,0
5,2,3,3,0
5,2,3,4,1
5,2,3,5,0
5,3,0,0,0
5,3,0,1,0
5,3,0,2,0
5,3,0,3,0
5,3,0,4,0
5,3,0,5,0
5,3,1,0,0
5,3,1,1,0
5,3,1,2,0
5,3,1,3,0
5,3,1,4,0
5,3,1,5,0
5,3,2,0,0
5,3,2,1,0
5,3,2,2,1
5,3,2,3,0
5,3,2,4,0
5,3,2,5,0
5,3,3,0,3
5,3,3,1,0
5,3,3,2,0
5,3,3,3,0
5,3,3,4,0
5,3,3,5,0
5,4,0,0,0
5,4,0,1,1
5,4,0,2,0
5,4,0,3,0
5,4,0,4,0
5,4,0,5,0
5,4,1,0,0
5,4,1,1,0
5,4,1,2,0
5,4,1,3,0
5,4,1,4,0
5,4,1,5,0
5,4,2,0,0
5,4,2,1,1
5,4,2,2,0
5,4,2,3,0
5,4,2,4,0
5,4,2,5,0
5,4,3,0,0
5,4,3,1,0
5,4,3,2,0
5,4,3,3,0
5,4,3,4,0
5,4,3,5,0
6,0,0,0,1
6,0,0,1,9
6,0,0,2,0
6,0,0,3,9
6,0,0,4,11
6,0,0,5,0
6,0,1,0,0
6,0,1,1,0
6,0,1,2,0
6,0,1,3,1
6,0,1,4,4
6,0,1,5,0
6,0,2,0,13
6,0,2,1,1
6,0,2,2,3
6,0,2,3,166
6,0,2,4,0
6,0,2,5,7
6,0,3,0,0
6,0,3,1,0
6,0,3,2,3
6,0,3,3,0
6,0,3,4,0
6,0,3,5,0
6,1,0,0,0
6,1,0,1,0
6,1,0,2,0
6,1,0,3,0
6,1,0,4,0
6,1,0,5,0
6,1,1,0,0
6,1,1,1,0
6,1,1,2,0
6,1,1,3,0
6,1,1,4,0
6,1,1,5,0
6,1,2,0,0
6,1,2,1,0
6,1,2,2,0
6,1,2,3,2
6,1,2,4,0
6,1,2,5,0
6,1,3,0,0
6,1,3,1,0
6,1,3,2,0
6,1,3,3,0
6,1,3,4,0
6,1,3,5,0
6,2,0,0,0
6,2,0,1,0
6,2,0,2,0
6,2,0,3,1
6,2,0,4,1
6,2,0,5,0
6,2,1,0,0
6,2,1,1,1
6,2,1,2,0
6,2,1,3,2
6,2,1,4,1
6,2,1,5,1
6,2,2,0,1
6,2,2,1,1
6,2,2,2,1
6,2,2,3,0
6,2,2,4,0
6,2,2,5,0
6,2,3,0,1
6,2,3,1,1
6,2,3,2,0
6,2,3,3,0
6,2,3,4,1
6,2,3,5,0
6,3,0,0,0
6,3,0,1,0
6,3,0,2,0
6,3,0,3,0
6,3,0,4,0
6,3,0,5,0
6,3,1,0,0
6,3,1,1,0
6,3,1,2,0
6,3,1,3,0
6,3,1,4,0
6,3,1,5,0
6,3,2,0,0
6,3,2,1,0
6,3,2,2,0
6,3,2,3,0
6,3,2,4,0
6,3,2,5,0
6,3,3,0,0
6,3,3,1,0
6,3,3,2,0
6,3,3,3,0
6,3,3,4,0
6,3,3,5,0
6,4,0,0,0
6,4,0,1,0
6,4,0,2,0
6,4,0,3,0
6,4,0,4,0
6,4,0,5,0
6,4,1,0,0
6,4,1,1,0
6,4,1,2,0
6,4,1,3,0
6,4,1,4,0
6,4,1,5,0
6,4,2,0,0
6,4,2,1,0
6,4,2,2,0
6,4,2,3,0
6,4,2,4,0
6,4,2,5,0
6,4,3,0,0
6,4,3,1,0
6,4,3,2,0
6,4,3,3,0
6,4,3,4,0
6,4,3,5,0
7,0,0,0,4
7,0,0,1,27
7,0,0,2,14
7,0,0,3,23
7,0,0,4,26
7,0,0,5,52
7,0,1,0,0
7,0,1,1,7
7,0,1,2,6
7,0,1,3,0
7,0,1,4,4
7,0,1,5,0
7,0,2,0,33
7,0,2,1,0
7,0,2,2,86
7,0,2,3,406
7,0,2,4,6
7,0,2,5,5
7,0,3,0,1
7,0,3,1,0
7,0,3,2,2
7,0,3,3,3
7,0,3,4,0
7,0,3,5,0
7,1,0,0,0
7,1,0,1,0
7,1,0,2,0
7,1,0,3,0
7,1,0,4,0
7,1,0,5,0
7,1,1,0,0
7,1,1,1,0
7,1,1,2,0
7,1,1,3,0
7,1,1,4,0
7,1,1,5,0
7,1,2,0,10
7,1,2,1,6
7,1,2,2,9
7,1,2,3,10
7,1,2,4,0
7,1,2,5,0
7,1,3,0,0
7,1,3,1,0
7,1,3,2,0
7,1,3,3,0
7,1,3,4,0
7,1,3,5,0
7,2,0,0,6
7,2,0,1,3
7,2,0,2,2
7,2,0,3,6
7,2,0,4,22
7,2,0,5,3
7,2,1,0,11
7,2,1,1,4
7,2,1,2,0
7,2,1,3,1
7,2,1,4,0
7,2,1,5,0
7,2,2,0,30
7,2,2,1,9
7,2,2,2,4
7,2,2,3,3
7,2,2,4,0
7,2,2,5,4
7,2,3,0,0
7,2,3,1,2
7,2,3,2,0
7,2,3,3,2
7,2,3,4,1
7,2,3,5,0
7,3,0,0,0
7,3,0,1,2
7,3,0,2,0
7,3,0,3,1
7,3,0,4,0
7,3,0,5,0
7,3,1,0,0
7,3,1,1,0
7,3,1,2,0
7,3,1,3,0
7,3,1,4,0
7,3,1,5,0
7,3,2,0,1
7,3,2,1,2
7,3,2,2,0
7,3,2,3,1
7,3,2,4,0
7,3,2,5,1
7,3,3,0,0
7,3,3,1,0
7,3,3,2,0
7,3,3,3,0
7,3,3,4,0
7,3,3,5,0
7,4,0,0,0
7,4,0,1,0
7,4,0,2,0
7,4,0,3,0
7,4,0,4,0
7,4,0,5,0
7,4,1,0,1
7,4,1,1,0
7,4,1,2,0
7,4,1,3,0
7,4,1,4,0
7,4,1,5,0
7,4,2,0,1
7,4,2,1,0
7,4,2,2,0
7,4,2,3,0
7,4,2,4,0
7,4,2,5,0
7,4,3,0,0
7,4,3,1,0
7,4,3,2,0
7,4,3,3,0
7,4,3,4,0
7,4,3,5,0
8,0,0,0,17
8,0,0,1,2
8,0,0,2,356
8,0,0,3,1149
8,0,0,4,1320
8,0,0,5,961
8,0,1,0,3
8,0,1,1,3
8,0,1,2,0
8,0,1,3,18
8,0,1,4,4
8,0,1,5,0
8,0,2,0,65
8,0,2,1,492
8,0,2,2,1583
8,0,2,3,2149
8,0,2,4,13
8,0,2,5,6
8,0,3,0,3
8,0,3,1,1
8,0,3,2,1
8,0,3,3,1
8,0,3,4,4
8,0,3,5,7
8,1,0,0,0
8,1,0,1,0
8,1,0,2,0
8,1,0,3,0
8,1,0,4,0
8,1,0,5,0
8,1,1,0,0
8,1,1,1,0
8,1,1,2,0
8,1,1,3,0
8,1,1,4,0
8,1,1,5,0
8,1,2,0,413
8,1,2,1,1823
8,1,2,2,2335
8,1,2,3,789
8,1,2,4,3
8,1,2,5,0
8,1,3,0,0
8,1,3,1,0
8,1,3,2,0
8,1,3,3,0
8,1,3,4,0
8,1,3,5,0
8,2,0,0,69
8,2,0,1,415
8,2,0,2,277
8,2,0,3,315
8,2,0,4,118
8,2,0,5,6
8,2,1,0,259
8,2,1,1,288
8,2,1,2,76
8,2,1,3,45
8,2,1,4,0
8,2,1,5,0
8,2,2,0,20882
8,2,2,1,18273
8,2,2,2,12794
8,2,2,3,5641
8,2,2,4,337
8,2,2,5,40
8,2,3,0,0
8,2,3,1,0
8,2,3,2,1
8,2,3,3,1
8,2,3,4,2
8,2,3,5,0
8,3,0,0,0
8,3,0,1,0
8,3,0,2,1
8,3,0,3,17
8,3,0,4,0
8,3,0,5,6
8,3,1,0,1
8,3,1,1,1
8,3,1,2,0
8,3,1,3,0
8,3,1,4,1
8,3,1,5,0
8,3,2,0,954
8,3,2,1,711
8,3,2,2,833
8,3,2,3,672
8,3,2,4,18
8,3,2,5,9
8,3,3,0,0
8,3,3,1,4
8,3,3,2,0
8,3,3,3,2
8,3,3,4,1
8,3,3,5,0
8,4,0,0,26
8,4,0,1,41
8,4,0,2,26
8,4,0,3,37
8,4,0,4,0
8,4,0,5,0
8,4,1,0,0
8,4,1,1,1
8,4,1,2,0
8,4,1,3,1
8,4,1,4,0
8,4,1,5,0
8,4,2,0,333
8,4,2,1,162
8,4,2,2,80
8,4,2,3,43
8,4,2,4,0
8,4,2,5,0
8,4,3,0,1
8,4,3,1,1
8,4,3,2,0
8,4,3,3,0
8,4,3,4,0
8,4,3,5,0
9,0,0,0,14
9,0,0,1,4
9,0,0,2,4
9,0,0,3,0
9,0,0,4,33
9,0,0,5,1
9,0,1,0,0
9,0,1,1,0
9,0,1,2,2
9,0,1,3,1
9,0,1,4,0
9,0,1,5,0
9,0,2,0,5
9,0,2,1,0
9,0,2,2,5
9,0,2,3,2
9,0,2,4,11
9,0,2,5,16
9,0,3,0,0
9,0,3,1,4
9,0,3,2,1
9,0,3,3,0
9,0,3,4,0
9,0,3,5,0
9,1,0,0,0
9,1,0,1,0
9,1,0,2,0
9,1,0,3,0
9,1,0,4,0
9,1,0,5,0
9,1,1,0,0
9,1,1,1,0
9,1,1,2,0
9,1,1,3,0
9,1,1,4,0
9,1,1,5,0
9,1,2,0,0
9,1,2,1,17
9,1,2,2,1
9,1,2,3,3
9,1,2,4,1
9,1,2,5,0
9,1,3,0,0
9,1,3,1,0
9,1,3,2,0
9,1,3,3,0
9,1,3,4,0
9,1,3,5,0
9,2,0,0,0
9,2,0,1,1
9,2,0,2,3
9,2,0,3,0
9,2,0,4,0
9,2,0,5,3
9,2,1,0,1
9,2,1,1,0
9,2,1,2,2
9,2,1,3,0
9,2,1,4,4
9,2,1,5,0
9,2,2,0,4
9,2,2,1,0
9,2,2,2,3
9,2,2,3,0
9,2,2,4,1
9,2,2,5,3
9,2,3,0,0
9,2,3,1,4
9,2,3,2,0
9,2,3,3,0
9,2,3,4,0
9,2,3,5,0
9,3,0,0,0
9,3,0,1,0
9,3,0,2,1
9,3,0,3,0
9,3,0,4,0
9,3,0,5,0
9,3,1,0,0
9,3,1,1,0
9,3,1,2,1
9,3,1,3,0
9,3,1,4,0
9,3,1,5,0
9,3,2,0,0
9,3,2,1,0
9,3,2,2,0
9,3,2,3,0
9,3,2,4,0
9,3,2,5,0
9,3,3,0,0
9,3,3,1,0
9,3,3,2,0
9,3,3,3,0
9,3,3,4,0
9,3,3,5,0
9,4,0,0,0
9,4,0,1,0
9,4,0,2,0
9,4,0,3,0
9,4,0,4,0
9,4,0,5,0
9,4,1,0,1
9,4,1,1,0
9,4,1,2,0
9,4,1,3,0
9,4,1,4,0
9,4,1,5,0
9,4,2,0,0
9,4,2,1,1
9,4,2,2,0
9,4,2,3,0
9,4,2,4,0
9,4,2,5,0
9,4,3,0,0
9,4,3,1,0
9,4,3,2,0
9,4,3,3,0
9,4,3,4,0
9,4,3,5,0
