Town,FamilyType,TotalHouseholds,total_pop,NonResSum,NonResSumPopulation,IsSingleOnly,NonResHouseholds_Init,NonResHouseholds_Adjusted,NonResHouseholds,Discrepancy
三筑１丁目,夫婦のみの世帯,63,126,61,61,True,0.0,-0.0,642.1378314842214,634.7684881288064
三筑１丁目,夫婦と子供から成る世帯,179,677,61,61,True,0.0,-0.0,642.1378314842214,634.7684881288064
三筑１丁目,その他の核家族世帯,34,85,61,61,True,0.0,-0.0,642.1378314842214,634.7684881288064
三筑１丁目,核家族以外の世帯,19,74,61,61,True,0.0,-0.0,642.1378314842214,634.7684881288064
三筑１丁目,非親族を含む世帯,5,11,61,61,True,0.0,-0.0,642.1378314842214,634.7684881288064
三筑１丁目,単独世帯,165,165,61,61,True,61.0,7.369343355414897,710.5071748396372,634.7684881288064
三筑２丁目,夫婦のみの世帯,118,236,2,2,True,0.0,-0.0,0.24161781493163614,0.0
三筑２丁目,夫婦と子供から成る世帯,234,872,2,2,True,0.0,-0.0,0.24161781493163614,0.0
三筑２丁目,その他の核家族世帯,82,215,2,2,True,0.0,-0.0,0.24161781493163614,0.0
三筑２丁目,核家族以外の世帯,37,145,2,2,True,0.0,-0.0,0.24161781493163614,0.0
三筑２丁目,非親族を含む世帯,9,22,2,2,True,0.0,-0.0,0.24161781493163614,0.0
三筑２丁目,単独世帯,424,424,2,2,True,2.0,0.24161781493163595,2.4832356298632723,0.0
上呉服町,夫婦のみの世帯,58,116,1,1,True,0.0,-0.0,0.12080890746581807,0.0
上呉服町,夫婦と子供から成る世帯,86,309,1,1,True,0.0,-0.0,0.12080890746581807,0.0
上呉服町,その他の核家族世帯,37,82,1,1,True,0.0,-0.0,0.12080890746581807,0.0
上呉服町,核家族以外の世帯,34,142,1,1,True,0.0,-0.0,0.12080890746581807,0.0
上呉服町,非親族を含む世帯,6,16,1,1,True,0.0,-0.0,0.12080890746581807,0.0
上呉服町,単独世帯,514,514,1,1,True,1.0,0.12080890746581797,1.2416178149316361,0.0
上川端町,夫婦のみの世帯,46,92,1,1,True,0.0,-0.0,0.12080890746581807,0.0
上川端町,夫婦と子供から成る世帯,33,114,1,1,True,0.0,-0.0,0.12080890746581807,0.0
上川端町,その他の核家族世帯,26,58,1,1,True,0.0,-0.0,0.12080890746581807,0.0
上川端町,核家族以外の世帯,16,62,1,1,True,0.0,-0.0,0.12080890746581807,0.0
上川端町,非親族を含む世帯,4,9,1,1,True,0.0,-0.0,0.12080890746581807,0.0
上川端町,単独世帯,261,261,1,1,True,1.0,0.12080890746581797,1.2416178149316361,0.0
上牟田１丁目,夫婦のみの世帯,56,112,0,0,True,0.0,-0.0,0.0,0.0
上牟田１丁目,夫婦と子供から成る世帯,96,336,0,0,True,0.0,-0.0,0.0,0.0
上牟田１丁目,その他の核家族世帯,25,65,0,0,True,0.0,-0.0,0.0,0.0
上牟田１丁目,核家族以外の世帯,17,72,0,0,True,0.0,-0.0,0.0,0.0
上牟田１丁目,非親族を含む世帯,9,18,0,0,True,0.0,-0.0,0.0,0.0
上牟田１丁目,単独世帯,364,364,0,0,True,0.0,0.0,0.0,0.0
上牟田２丁目,夫婦のみの世帯,10,20,1,1,True,0.0,-0.0,0.12080890746581807,0.0
上牟田２丁目,夫婦と子供から成る世帯,13,46,1,1,True,0.0,-0.0,0.12080890746581807,0.0
上牟田２丁目,その他の核家族世帯,3,6,1,1,True,0.0,-0.0,0.12080890746581807,0.0
上牟田２丁目,核家族以外の世帯,8,29,1,1,True,0.0,-0.0,0.12080890746581807,0.0
上牟田２丁目,非親族を含む世帯,1,2,1,1,True,0.0,-0.0,0.12080890746581807,0.0
上牟田２丁目,単独世帯,34,34,1,1,True,1.0,0.12080890746581797,1.2416178149316361,0.0
上牟田３丁目,夫婦のみの世帯,46,92,0,0,True,0.0,-0.0,0.0,0.0
上牟田３丁目,夫婦と子供から成る世帯,54,201,0,0,True,0.0,-0.0,0.0,0.0
上牟田３丁目,その他の核家族世帯,43,103,0,0,True,0.0,-0.0,0.0,0.0
上牟田３丁目,核家族以外の世帯,24,91,0,0,True,0.0,-0.0,0.0,0.0
上牟田３丁目,非親族を含む世帯,3,6,0,0,True,0.0,-0.0,0.0,0.0
上牟田３丁目,単独世帯,162,162,0,0,True,0.0,0.0,0.0,0.0
下呉服町,夫婦のみの世帯,70,140,0,0,True,0.0,-0.0,0.0,0.0
下呉服町,夫婦と子供から成る世帯,90,329,0,0,True,0.0,-0.0,0.0,0.0
下呉服町,その他の核家族世帯,55,128,0,0,True,0.0,-0.0,0.0,0.0
下呉服町,核家族以外の世帯,33,112,0,0,True,0.0,-0.0,0.0,0.0
下呉服町,非親族を含む世帯,4,10,0,0,True,0.0,-0.0,0.0,0.0
下呉服町,単独世帯,981,981,0,0,True,0.0,0.0,0.0,0.0
下川端町,夫婦のみの世帯,15,30,0,0,True,0.0,-0.0,0.0,0.0
下川端町,夫婦と子供から成る世帯,16,54,0,0,True,0.0,-0.0,0.0,0.0
下川端町,その他の核家族世帯,9,20,0,0,True,0.0,-0.0,0.0,0.0
下川端町,核家族以外の世帯,3,6,0,0,True,0.0,-0.0,0.0,0.0
下川端町,非親族を含む世帯,5,10,0,0,True,0.0,-0.0,0.0,0.0
下川端町,単独世帯,119,119,0,0,True,0.0,0.0,0.0,0.0
中呉服町,夫婦のみの世帯,36,72,7,8,False,0.2766190998902305,-0.18763635625114616,0.27634648233125436,0.0
中呉服町,夫婦と子供から成る世帯,23,80,7,8,False,0.17672886937431395,-0.14861726194489208,0.21547534612159192,0.0
中呉服町,その他の核家族世帯,18,39,7,8,False,0.13830954994511524,-0.10275361440789729,0.222919674229388,0.0
中呉服町,核家族以外の世帯,12,32,7,8,False,0.09220636663007684,-0.0665553169624381,0.21301478835980878,0.0
中呉服町,非親族を含む世帯,11,23,7,8,False,0.0845225027442371,-0.059908143885746154,0.211978097550661,0.0
中呉服町,単独世帯,811,811,7,8,False,6.2316136114160265,0.7528344321442906,7.171811782252487,0.0
中洲中島町,夫婦のみの世帯,28,56,0,0,True,0.0,-0.0,0.0,0.0
中洲中島町,夫婦と子供から成る世帯,12,40,0,0,True,0.0,-0.0,0.0,0.0
中洲中島町,その他の核家族世帯,9,24,0,0,True,0.0,-0.0,0.0,0.0
中洲中島町,核家族以外の世帯,6,13,0,0,True,0.0,-0.0,0.0,0.0
中洲中島町,非親族を含む世帯,6,14,0,0,True,0.0,-0.0,0.0,0.0
中洲中島町,単独世帯,269,269,0,0,True,0.0,0.0,0.0,0.0
中洲１丁目,夫婦のみの世帯,0,0,1,1,True,0.0,-0.0,0.12080890746581807,0.0
中洲１丁目,夫婦と子供から成る世帯,0,0,1,1,True,0.0,-0.0,0.12080890746581807,0.0
中洲１丁目,その他の核家族世帯,1,3,1,1,True,0.0,-0.0,0.12080890746581807,0.0
中洲１丁目,核家族以外の世帯,0,0,1,1,True,0.0,-0.0,0.12080890746581807,0.0
中洲１丁目,非親族を含む世帯,0,0,1,1,True,0.0,-0.0,0.12080890746581807,0.0
中洲１丁目,単独世帯,3,3,1,1,True,1.0,0.12080890746581797,1.2416178149316361,0.0
中洲２丁目,夫婦のみの世帯,1,2,0,0,True,0.0,-0.0,0.0,0.0
中洲２丁目,夫婦と子供から成る世帯,2,9,0,0,True,0.0,-0.0,0.0,0.0
中洲２丁目,その他の核家族世帯,1,2,0,0,True,0.0,-0.0,0.0,0.0
中洲２丁目,核家族以外の世帯,1,4,0,0,True,0.0,-0.0,0.0,0.0
中洲２丁目,非親族を含む世帯,0,0,0,0,True,0.0,-0.0,0.0,0.0
中洲２丁目,単独世帯,60,60,0,0,True,0.0,0.0,0.0,0.0
中洲３丁目,夫婦のみの世帯,2,4,0,0,True,0.0,-0.0,0.0,0.0
中洲３丁目,夫婦と子供から成る世帯,1,3,0,0,True,0.0,-0.0,0.0,0.0
中洲３丁目,その他の核家族世帯,2,4,0,0,True,0.0,-0.0,0.0,0.0
中洲３丁目,核家族以外の世帯,1,2,0,0,True,0.0,-0.0,0.0,0.0
中洲３丁目,非親族を含む世帯,0,0,0,0,True,0.0,-0.0,0.0,0.0
中洲３丁目,単独世帯,3,3,0,0,True,0.0,0.0,0.0,0.0
中洲４丁目,夫婦のみの世帯,1,2,1,1,True,0.0,-0.0,0.12080890746581807,0.0
中洲４丁目,夫婦と子供から成る世帯,3,11,1,1,True,0.0,-0.0,0.12080890746581807,0.0
中洲４丁目,その他の核家族世帯,2,5,1,1,True,0.0,-0.0,0.12080890746581807,0.0
中洲４丁目,核家族以外の世帯,1,4,1,1,True,0.0,-0.0,0.12080890746581807,0.0
中洲４丁目,非親族を含む世帯,0,0,1,1,True,0.0,-0.0,0.12080890746581807,0.0
中洲４丁目,単独世帯,4,4,1,1,True,1.0,0.12080890746581797,1.2416178149316361,0.0
中洲５丁目,夫婦のみの世帯,13,26,1,2,False,0.024528301886792454,-0.01663804557563885,0.08928439127284295,0.0
中洲５丁目,夫婦と子供から成る世帯,3,11,1,2,False,0.005660377358490566,-0.004760002073073831,0.08229451024710609,0.0
中洲５丁目,その他の核家族世帯,4,10,1,2,False,0.007547169811320755,-0.005606980696351869,0.08333432407665824,0.0
中洲５丁目,核家族以外の世帯,1,2,1,2,False,0.0018867924528301887,-0.0013619023753993962,0.08191902503912014,0.0
中洲５丁目,非親族を含む世帯,4,8,1,2,False,0.007547169811320755,-0.005349308412635604,0.0835919963603745,0.0
中洲５丁目,単独世帯,505,505,1,2,False,0.9528301886792453,0.11511037409478883,1.1493346977357235,0.0
井相田１丁目,夫婦のみの世帯,8,16,18,18,True,0.0,-0.0,374.64023339026744,372.4656730558827
井相田１丁目,夫婦と子供から成る世帯,33,128,18,18,True,0.0,-0.0,374.64023339026744,372.4656730558827
井相田１丁目,その他の核家族世帯,7,18,18,18,True,0.0,-0.0,374.64023339026744,372.4656730558827
井相田１丁目,核家族以外の世帯,0,0,18,18,True,0.0,-0.0,374.64023339026744,372.4656730558827
井相田１丁目,非親族を含む世帯,1,2,18,18,True,0.0,-0.0,374.64023339026744,372.4656730558827
井相田１丁目,単独世帯,40,40,18,18,True,18.0,2.1745603343847235,394.8147937246524,372.4656730558827
井相田２丁目,夫婦のみの世帯,22,44,0,0,True,0.0,-0.0,0.0,0.0
井相田２丁目,夫婦と子供から成る世帯,78,287,0,0,True,0.0,-0.0,0.0,0.0
井相田２丁目,その他の核家族世帯,9,25,0,0,True,0.0,-0.0,0.0,0.0
井相田２丁目,核家族以外の世帯,5,20,0,0,True,0.0,-0.0,0.0,0.0
井相田２丁目,非親族を含む世帯,2,4,0,0,True,0.0,-0.0,0.0,0.0
井相田２丁目,単独世帯,71,71,0,0,True,0.0,0.0,0.0,0.0
井相田３丁目,夫婦のみの世帯,106,212,0,0,True,0.0,-0.0,0.0,0.0
井相田３丁目,夫婦と子供から成る世帯,147,529,0,0,True,0.0,-0.0,0.0,0.0
井相田３丁目,その他の核家族世帯,23,59,0,0,True,0.0,-0.0,0.0,0.0
井相田３丁目,核家族以外の世帯,29,118,0,0,True,0.0,-0.0,0.0,0.0
井相田３丁目,非親族を含む世帯,12,28,0,0,True,0.0,-0.0,0.0,0.0
井相田３丁目,単独世帯,248,248,0,0,True,0.0,0.0,0.0,0.0
住吉１丁目,夫婦のみの世帯,0,0,0,0,True,0.0,-0.0,0.0,0.0
住吉１丁目,夫婦と子供から成る世帯,1,3,0,0,True,0.0,-0.0,0.0,0.0
住吉１丁目,その他の核家族世帯,3,9,0,0,True,0.0,-0.0,0.0,0.0
住吉１丁目,核家族以外の世帯,3,11,0,0,True,0.0,-0.0,0.0,0.0
住吉１丁目,非親族を含む世帯,0,0,0,0,True,0.0,-0.0,0.0,0.0
住吉１丁目,単独世帯,25,25,0,0,True,0.0,0.0,0.0,0.0
住吉２丁目,夫婦のみの世帯,87,174,4,4,True,0.0,-0.0,0.4832356298632723,0.0
住吉２丁目,夫婦と子供から成る世帯,61,197,4,4,True,0.0,-0.0,0.4832356298632723,0.0
住吉２丁目,その他の核家族世帯,51,116,4,4,True,0.0,-0.0,0.4832356298632723,0.0
住吉２丁目,核家族以外の世帯,31,103,4,4,True,0.0,-0.0,0.4832356298632723,0.0
住吉２丁目,非親族を含む世帯,31,64,4,4,True,0.0,-0.0,0.4832356298632723,0.0
住吉２丁目,単独世帯,1481,1481,4,4,True,4.0,0.4832356298632719,4.966471259726545,0.0
住吉３丁目,夫婦のみの世帯,78,156,7,7,True,0.0,-0.0,0.8456623522607263,0.0
住吉３丁目,夫婦と子供から成る世帯,43,149,7,7,True,0.0,-0.0,0.8456623522607263,0.0
住吉３丁目,その他の核家族世帯,38,83,7,7,True,0.0,-0.0,0.8456623522607263,0.0
住吉３丁目,核家族以外の世帯,31,82,7,7,True,0.0,-0.0,0.8456623522607263,0.0
住吉３丁目,非親族を含む世帯,25,50,7,7,True,0.0,-0.0,0.8456623522607263,0.0
住吉３丁目,単独世帯,1241,1241,7,7,True,7.0,0.845662352260726,8.691324704521453,0.0
住吉４丁目,夫婦のみの世帯,126,252,2,2,True,0.0,-0.0,0.24161781493163614,0.0
住吉４丁目,夫婦と子供から成る世帯,92,315,2,2,True,0.0,-0.0,0.24161781493163614,0.0
住吉４丁目,その他の核家族世帯,69,156,2,2,True,0.0,-0.0,0.24161781493163614,0.0
住吉４丁目,核家族以外の世帯,44,121,2,2,True,0.0,-0.0,0.24161781493163614,0.0
住吉４丁目,非親族を含む世帯,29,59,2,2,True,0.0,-0.0,0.24161781493163614,0.0
住吉４丁目,単独世帯,1427,1427,2,2,True,2.0,0.24161781493163595,2.4832356298632723,0.0
住吉５丁目,夫婦のみの世帯,125,250,1,1,True,0.0,-0.0,0.12080890746581807,0.0
住吉５丁目,夫婦と子供から成る世帯,124,439,1,1,True,0.0,-0.0,0.12080890746581807,0.0
住吉５丁目,その他の核家族世帯,86,192,1,1,True,0.0,-0.0,0.12080890746581807,0.0
住吉５丁目,核家族以外の世帯,54,183,1,1,True,0.0,-0.0,0.12080890746581807,0.0
住吉５丁目,非親族を含む世帯,26,53,1,1,True,0.0,-0.0,0.12080890746581807,0.0
住吉５丁目,単独世帯,1289,1289,1,1,True,1.0,0.12080890746581797,1.2416178149316361,0.0
元町１丁目,夫婦のみの世帯,28,56,4,4,True,0.0,-0.0,0.4832356298632723,0.0
元町１丁目,夫婦と子供から成る世帯,30,107,4,4,True,0.0,-0.0,0.4832356298632723,0.0
元町１丁目,その他の核家族世帯,14,30,4,4,True,0.0,-0.0,0.4832356298632723,0.0
元町１丁目,核家族以外の世帯,8,25,4,4,True,0.0,-0.0,0.4832356298632723,0.0
元町１丁目,非親族を含む世帯,1,2,4,4,True,0.0,-0.0,0.4832356298632723,0.0
元町１丁目,単独世帯,132,132,4,4,True,4.0,0.4832356298632719,4.966471259726545,0.0
元町２丁目,夫婦のみの世帯,152,304,0,0,True,0.0,-0.0,0.0,0.0
元町２丁目,夫婦と子供から成る世帯,208,750,0,0,True,0.0,-0.0,0.0,0.0
元町２丁目,その他の核家族世帯,59,138,0,0,True,0.0,-0.0,0.0,0.0
元町２丁目,核家族以外の世帯,31,106,0,0,True,0.0,-0.0,0.0,0.0
元町２丁目,非親族を含む世帯,3,9,0,0,True,0.0,-0.0,0.0,0.0
元町２丁目,単独世帯,368,368,0,0,True,0.0,0.0,0.0,0.0
元町３丁目,夫婦のみの世帯,6,12,0,0,True,0.0,-0.0,0.0,0.0
元町３丁目,夫婦と子供から成る世帯,76,284,0,0,True,0.0,-0.0,0.0,0.0
元町３丁目,その他の核家族世帯,3,7,0,0,True,0.0,-0.0,0.0,0.0
元町３丁目,核家族以外の世帯,0,0,0,0,True,0.0,-0.0,0.0,0.0
元町３丁目,非親族を含む世帯,0,0,0,0,True,0.0,-0.0,0.0,0.0
元町３丁目,単独世帯,4,4,0,0,True,0.0,0.0,0.0,0.0
光丘町１丁目,夫婦のみの世帯,43,86,3,6,False,0.36338028169014086,-0.24648822882046112,-244.73496436347412,-243.97554891232946
光丘町１丁目,夫婦と子供から成る世帯,72,265,3,6,False,0.6084507042253522,-0.5116667017140772,-152.38072169598314,-151.60119819448008
光丘町１丁目,その他の核家族世帯,40,96,3,6,False,0.3380281690140845,-0.2511295579492809,-152.3906070874296,-151.60119819448008
光丘町１丁目,核家族以外の世帯,10,35,3,6,False,0.08450704225352113,-0.060997881039015205,-152.4539965372799,-151.60119819448008
光丘町１丁目,非親族を含む世帯,0,0,3,6,False,0.0,-0.0,-152.4775056984944,-151.60119819448008
光丘町１丁目,単独世帯,190,190,3,6,False,1.6056338028169013,0.19397486550849646,-150.67789703016902,-151.60119819448008
光丘町２丁目,夫婦のみの世帯,17,34,5,5,True,0.0,-0.0,0.6040445373290897,0.0
光丘町２丁目,夫婦と子供から成る世帯,46,175,5,5,True,0.0,-0.0,0.6040445373290897,0.0
光丘町２丁目,その他の核家族世帯,8,18,5,5,True,0.0,-0.0,0.6040445373290897,0.0
光丘町２丁目,核家族以外の世帯,6,25,5,5,True,0.0,-0.0,0.6040445373290897,0.0
光丘町２丁目,非親族を含む世帯,0,0,5,5,True,0.0,-0.0,0.6040445373290897,0.0
光丘町２丁目,単独世帯,82,82,5,5,True,5.0,0.6040445373290899,6.208089074658179,0.0
光丘町３丁目,夫婦のみの世帯,19,38,1,1,True,0.0,-0.0,0.12080890746581807,0.0
光丘町３丁目,夫婦と子供から成る世帯,36,129,1,1,True,0.0,-0.0,0.12080890746581807,0.0
光丘町３丁目,その他の核家族世帯,11,26,1,1,True,0.0,-0.0,0.12080890746581807,0.0
光丘町３丁目,核家族以外の世帯,5,20,1,1,True,0.0,-0.0,0.12080890746581807,0.0
光丘町３丁目,非親族を含む世帯,2,4,1,1,True,0.0,-0.0,0.12080890746581807,0.0
光丘町３丁目,単独世帯,64,64,1,1,True,1.0,0.12080890746581797,1.2416178149316361,0.0
冷泉町,夫婦のみの世帯,76,152,4,4,True,0.0,-0.0,0.4832356298632723,0.0
冷泉町,夫婦と子供から成る世帯,60,216,4,4,True,0.0,-0.0,0.4832356298632723,0.0
冷泉町,その他の核家族世帯,39,91,4,4,True,0.0,-0.0,0.4832356298632723,0.0
冷泉町,核家族以外の世帯,26,83,4,4,True,0.0,-0.0,0.4832356298632723,0.0
冷泉町,非親族を含む世帯,13,27,4,4,True,0.0,-0.0,0.4832356298632723,0.0
冷泉町,単独世帯,921,921,4,4,True,4.0,0.4832356298632719,4.966471259726545,0.0
千代１丁目,夫婦のみの世帯,219,438,29,32,False,3.0416666666666665,-2.0632243055175223,-436.76114937794966,-433.9653118379729
千代１丁目,夫婦と子供から成る世帯,152,542,29,32,False,2.111111111111111,-1.7753044768834623,-437.40378510487113,-433.9653118379729
千代１丁目,その他の核家族世帯,128,311,29,32,False,1.7777777777777777,-1.32075545291844,-437.28256941423945,-433.9653118379729
千代１丁目,核家族以外の世帯,76,230,29,32,False,1.0555555555555556,-0.7619087177928844,-437.44594490133613,-433.9653118379729
千代１丁目,非親族を含む世帯,34,70,29,32,False,0.4722222222222222,-0.33470325554060265,-437.60207277241716,-433.9653118379729
千代１丁目,単独世帯,1479,1479,29,32,False,20.541666666666668,2.4816163075270112,-414.716308764905,-433.9653118379729
千代２丁目,夫婦のみの世帯,59,118,5,6,False,0.272895467160037,-0.18511054050744566,-11.327478120066111,-11.34965808668009
千代２丁目,夫婦と子供から成る世帯,34,119,5,6,False,0.1572617946345976,-0.13224674276409257,-11.390247994848199,-11.34965808668009
千代２丁目,その他の核家族世帯,49,117,5,6,False,0.22664199814986125,-0.16837799339067763,-11.356999041959519,-11.34965808668009
千代２丁目,核家族以外の世帯,16,49,5,6,False,0.07400555041628122,-0.05341781749947678,-11.394675313801898,-11.34965808668009
千代２丁目,非親族を含む世帯,11,25,5,6,False,0.05087881591119334,-0.036062058332175725,-11.400446289139683,-11.34965808668009
千代２丁目,単独世帯,912,912,5,6,False,4.21831637372803,0.5096101924552544,-6.687336480535463,-11.34965808668009
千代３丁目,夫婦のみの世帯,156,312,3,4,False,0.3218707015130674,-0.21833143712736533,-80.9180547672995,-80.55595268667551
千代３丁目,夫婦と子供から成る世帯,126,467,3,4,False,0.25997248968363135,-0.2186196275377376,-80.9802411695393,-80.55595268667551
千代３丁目,その他の核家族世帯,116,279,3,4,False,0.23933975240715266,-0.17781147173919165,-80.96006575101724,-80.55595268667551
千代３丁目,核家族以外の世帯,42,112,3,4,False,0.08665749656121045,-0.06255009671882508,-80.9974866318428,-80.55595268667551
千代３丁目,非親族を含む世帯,24,51,3,4,False,0.04951856946354882,-0.035097938278228095,-81.00717340049987,-80.55595268667551
千代３丁目,単独世帯,990,990,3,4,False,2.0426409903713894,0.246769226391664,-78.73218381492212,-80.55595268667551
千代４丁目,夫婦のみの世帯,57,114,126,126,True,0.0,-0.0,777.9379738189168,762.7160514782238
千代４丁目,夫婦と子供から成る世帯,36,117,126,126,True,0.0,-0.0,777.9379738189168,762.7160514782238
千代４丁目,その他の核家族世帯,49,116,126,126,True,0.0,-0.0,777.9379738189168,762.7160514782238
千代４丁目,核家族以外の世帯,32,98,126,126,True,0.0,-0.0,777.9379738189168,762.7160514782238
千代４丁目,非親族を含む世帯,18,36,126,126,True,0.0,-0.0,777.9379738189168,762.7160514782238
千代４丁目,単独世帯,1486,1486,126,126,True,126.0,15.221922340693064,919.1598961596092,762.7160514782238
千代５丁目,夫婦のみの世帯,113,226,58,58,True,0.0,-0.0,626.9159091435281,619.9089925105109
千代５丁目,夫婦と子供から成る世帯,106,390,58,58,True,0.0,-0.0,626.9159091435281,619.9089925105109
千代５丁目,その他の核家族世帯,87,209,58,58,True,0.0,-0.0,626.9159091435281,619.9089925105109
千代５丁目,核家族以外の世帯,34,101,58,58,True,0.0,-0.0,626.9159091435281,619.9089925105109
千代５丁目,非親族を含む世帯,10,22,58,58,True,0.0,-0.0,626.9159091435281,619.9089925105109
千代５丁目,単独世帯,703,703,58,58,True,58.0,7.006916633017442,691.9228257765465,619.9089925105109
千代６丁目,夫婦のみの世帯,26,52,0,0,True,0.0,-0.0,0.0,0.0
千代６丁目,夫婦と子供から成る世帯,16,61,0,0,True,0.0,-0.0,0.0,0.0
千代６丁目,その他の核家族世帯,25,59,0,0,True,0.0,-0.0,0.0,0.0
千代６丁目,核家族以外の世帯,6,18,0,0,True,0.0,-0.0,0.0,0.0
千代６丁目,非親族を含む世帯,4,10,0,0,True,0.0,-0.0,0.0,0.0
千代６丁目,単独世帯,490,490,0,0,True,0.0,0.0,0.0,0.0
半道橋１丁目,夫婦のみの世帯,127,254,37,37,True,0.0,-0.0,519.3372753064082,514.8673457301732
半道橋１丁目,夫婦と子供から成る世帯,218,789,37,37,True,0.0,-0.0,519.3372753064082,514.8673457301732
半道橋１丁目,その他の核家族世帯,65,155,37,37,True,0.0,-0.0,519.3372753064082,514.8673457301732
半道橋１丁目,核家族以外の世帯,41,149,37,37,True,0.0,-0.0,519.3372753064082,514.8673457301732
半道橋１丁目,非親族を含む世帯,9,21,37,37,True,0.0,-0.0,519.3372753064082,514.8673457301732
半道橋１丁目,単独世帯,288,288,37,37,True,37.0,4.469929576235265,560.8072048826436,514.8673457301732
半道橋２丁目,夫婦のみの世帯,19,38,0,0,True,0.0,-0.0,0.0,0.0
半道橋２丁目,夫婦と子供から成る世帯,14,49,0,0,True,0.0,-0.0,0.0,0.0
半道橋２丁目,その他の核家族世帯,9,19,0,0,True,0.0,-0.0,0.0,0.0
半道橋２丁目,核家族以外の世帯,10,35,0,0,True,0.0,-0.0,0.0,0.0
半道橋２丁目,非親族を含む世帯,3,9,0,0,True,0.0,-0.0,0.0,0.0
半道橋２丁目,単独世帯,54,54,0,0,True,0.0,0.0,0.0,0.0
南八幡町１丁目,夫婦のみの世帯,39,78,1,1,True,0.0,-0.0,0.12080890746581807,0.0
南八幡町１丁目,夫婦と子供から成る世帯,77,284,1,1,True,0.0,-0.0,0.12080890746581807,0.0
南八幡町１丁目,その他の核家族世帯,22,57,1,1,True,0.0,-0.0,0.12080890746581807,0.0
南八幡町１丁目,核家族以外の世帯,11,38,1,1,True,0.0,-0.0,0.12080890746581807,0.0
南八幡町１丁目,非親族を含む世帯,3,9,1,1,True,0.0,-0.0,0.12080890746581807,0.0
南八幡町１丁目,単独世帯,220,220,1,1,True,1.0,0.12080890746581797,1.2416178149316361,0.0
南八幡町２丁目,夫婦のみの世帯,57,114,1,2,False,0.11003861003861004,-0.07464142513217249,-67.30470611349232,-66.95309121047691
南八幡町２丁目,夫婦と子供から成る世帯,171,628,1,2,False,0.3301158301158301,-0.27760552630803176,-67.28759299459095,-66.95309121047691
南八幡町２丁目,その他の核家族世帯,41,96,1,2,False,0.07915057915057915,-0.05880293944581376,-67.31975565869398,-66.95309121047691
南八幡町２丁目,核家族以外の世帯,16,65,1,2,False,0.03088803088803089,-0.02229523579804417,-67.33151050330876,-66.95309121047691
南八幡町２丁目,非親族を含む世帯,5,11,1,2,False,0.009652509652509652,-0.006841538269056153,-67.33729232701529,-66.95309121047691
南八幡町２丁目,単独世帯,228,228,1,2,False,0.44015444015444016,0.05317457703128668,-66.84677428121302,-66.95309121047691
南本町１丁目,夫婦のみの世帯,19,38,0,0,True,0.0,-0.0,0.0,0.0
南本町１丁目,夫婦と子供から成る世帯,11,41,0,0,True,0.0,-0.0,0.0,0.0
南本町１丁目,その他の核家族世帯,8,18,0,0,True,0.0,-0.0,0.0,0.0
南本町１丁目,核家族以外の世帯,6,25,0,0,True,0.0,-0.0,0.0,0.0
南本町１丁目,非親族を含む世帯,2,4,0,0,True,0.0,-0.0,0.0,0.0
南本町１丁目,単独世帯,91,91,0,0,True,0.0,0.0,0.0,0.0
南本町２丁目,夫婦のみの世帯,33,66,0,0,True,0.0,-0.0,0.0,0.0
南本町２丁目,夫婦と子供から成る世帯,28,102,0,0,True,0.0,-0.0,0.0,0.0
南本町２丁目,その他の核家族世帯,23,48,0,0,True,0.0,-0.0,0.0,0.0
南本町２丁目,核家族以外の世帯,11,43,0,0,True,0.0,-0.0,0.0,0.0
南本町２丁目,非親族を含む世帯,3,7,0,0,True,0.0,-0.0,0.0,0.0
南本町２丁目,単独世帯,119,119,0,0,True,0.0,0.0,0.0,0.0
博多港,夫婦のみの世帯,0,0,0,0,True,0.0,-0.0,0.0,0.0
博多港,夫婦と子供から成る世帯,0,0,0,0,True,0.0,-0.0,0.0,0.0
博多港,その他の核家族世帯,0,0,0,0,True,0.0,-0.0,0.0,0.0
博多港,核家族以外の世帯,0,0,0,0,True,0.0,-0.0,0.0,0.0
博多港,非親族を含む世帯,0,0,0,0,True,0.0,-0.0,0.0,0.0
博多港,単独世帯,0,0,0,0,True,0.0,0.0,0.0,0.0
博多駅中央街,夫婦のみの世帯,5,10,0,0,True,0.0,-0.0,0.0,0.0
博多駅中央街,夫婦と子供から成る世帯,1,3,0,0,True,0.0,-0.0,0.0,0.0
博多駅中央街,その他の核家族世帯,4,8,0,0,True,0.0,-0.0,0.0,0.0
博多駅中央街,核家族以外の世帯,0,0,0,0,True,0.0,-0.0,0.0,0.0
博多駅中央街,非親族を含む世帯,1,2,0,0,True,0.0,-0.0,0.0,0.0
博多駅中央街,単独世帯,58,58,0,0,True,0.0,0.0,0.0,0.0
博多駅前１丁目,夫婦のみの世帯,31,62,34,38,False,1.3868421052631579,-0.9407231801076288,-47.148041441905875,-47.320630709779444
博多駅前１丁目,夫婦と子供から成る世帯,31,114,34,38,False,1.3868421052631579,-1.1662422623072384,-47.373560524105486,-47.320630709779444
博多駅前１丁目,その他の核家族世帯,23,52,34,38,False,1.0289473684210526,-0.7644306642796038,-47.329643662919956,-47.320630709779444
博多駅前１丁目,核家族以外の世帯,19,57,34,38,False,0.8500000000000001,-0.613537020117428,-47.35769738717883,-47.320630709779444
博多駅前１丁目,非親族を含む世帯,9,18,34,38,False,0.40263157894736845,-0.2853785652504086,-47.476907353364446,-47.320630709779444
博多駅前１丁目,単独世帯,647,647,34,38,False,28.944736842105264,3.496782034780347,-15.152641490175796,-47.320630709779444
博多駅前２丁目,夫婦のみの世帯,19,38,6,7,False,0.38383838383838387,-0.26036537520852093,0.20453200538405286,0.0
博多駅前２丁目,夫婦と子供から成る世帯,4,12,6,7,False,0.0808080808080808,-0.0679542383496062,0.09391283921266452,0.0
博多駅前２丁目,その他の核家族世帯,10,22,6,7,False,0.20202020202020202,-0.15008584692255,0.13299335185184194,0.0
博多駅前２丁目,核家族以外の世帯,4,12,6,7,False,0.0808080808080808,-0.05832794011811555,0.10353913744415519,0.0
博多駅前２丁目,非親族を含む世帯,1,2,6,7,False,0.0202020202020202,-0.014318855852004393,0.08694216110420573,0.0
博多駅前２丁目,単独世帯,259,259,6,7,False,5.232323232323233,0.6321112532049871,5.9454934822824095,0.0
博多駅前３丁目,夫婦のみの世帯,54,108,13,13,True,0.0,-0.0,310.67583825119306,309.1053224541374
博多駅前３丁目,夫婦と子供から成る世帯,18,66,13,13,True,0.0,-0.0,310.67583825119306,309.1053224541374
博多駅前３丁目,その他の核家族世帯,27,58,13,13,True,0.0,-0.0,310.67583825119306,309.1053224541374
博多駅前３丁目,核家族以外の世帯,14,46,13,13,True,0.0,-0.0,310.67583825119306,309.1053224541374
博多駅前３丁目,非親族を含む世帯,8,17,13,13,True,0.0,-0.0,310.67583825119306,309.1053224541374
博多駅前３丁目,単独世帯,1425,1425,13,13,True,13.0,1.5705157970556336,325.2463540482487,309.1053224541374
博多駅前４丁目,夫婦のみの世帯,240,480,22,24,False,1.5492957746478875,-1.0509188050484777,-143.74892099743906,-143.41829050745778
博多駅前４丁目,夫婦と子供から成る世帯,176,606,22,24,False,1.136150234741784,-0.9554270201759774,-144.06657475247266,-143.41829050745778
博多駅前４丁目,その他の核家族世帯,120,276,22,24,False,0.7746478873239437,-0.5755052369671021,-144.04815531668163,-143.41829050745778
博多駅前４丁目,核家族以外の世帯,59,160,22,24,False,0.380868544600939,-0.2749140610716727,-144.1413434835092,-143.41829050745778
博多駅前４丁目,非親族を含む世帯,31,69,22,24,False,0.20011737089201875,-0.14183986347060337,-144.18902045961704,-143.41829050745778
博多駅前４丁目,単独世帯,2782,2782,22,24,False,17.958920187793428,2.1695975271531465,-124.11878025209197,-143.41829050745778
博多駅南１丁目,夫婦のみの世帯,33,66,127,128,False,3.478008298755187,-2.359203700860279,551.0267547895955,544.7345563908698
博多駅南１丁目,夫婦と子供から成る世帯,35,118,127,128,False,3.6887966804979255,-3.1020334395161786,550.4947134326824,544.7345563908698
博多駅南１丁目,その他の核家族世帯,18,38,127,128,False,1.8970954356846474,-1.40939951703029,550.3956461103551,544.7345563908698
博多駅南１丁目,核家族以外の世帯,13,41,127,128,False,1.3701244813278008,-0.9889671664279946,550.2891075066004,544.7345563908698
博多駅南１丁目,非親族を含む世帯,12,24,127,128,False,1.2647302904564315,-0.8964197906751099,550.2762606914821,544.7345563908698
博多駅南１丁目,単独世帯,1094,1094,127,128,False,115.301244813278,13.929417415340927,679.1386124203202,544.7345563908698
博多駅南２丁目,夫婦のみの世帯,143,286,11,16,False,0.7876815222834251,-0.5343003819557933,-146.7941677178229,-146.2024480026439
博多駅南２丁目,夫婦と子供から成る世帯,181,647,11,16,False,0.9969954932398599,-0.8384071085911701,-146.88896047350184,-146.2024480026439
博多駅南２丁目,その他の核家族世帯,61,143,11,16,False,0.33600400600901353,-0.24962575676560028,-146.9611706089071,-146.2024480026439
博多駅南２丁目,核家族以外の世帯,42,130,11,16,False,0.2313470205307962,-0.16698819010530605,-146.98319002772502,-146.2024480026439
博多駅南２丁目,非親族を含む世帯,22,45,11,16,False,0.1211817726589885,-0.08589162456242397,-147.01225871005394,-146.2024480026439
博多駅南２丁目,単独世帯,1548,1548,11,16,False,8.526790185277918,1.0301122064736847,-137.49064646639883,-146.2024480026439
博多駅南３丁目,夫婦のみの世帯,196,392,27,32,False,1.7362204724409451,-1.1777136258007475,-233.2237148649856,-232.3525148322861
博多駅南３丁目,夫婦と子供から成る世帯,202,729,27,32,False,1.7893700787401576,-1.5047416002262335,-233.4975932331119,-232.3525148322861
博多駅南３丁目,その他の核家族世帯,108,249,27,32,False,0.9566929133858267,-0.7107510274440523,-233.536279825684,-232.3525148322861
博多駅南３丁目,核家族以外の世帯,63,168,27,32,False,0.5580708661417323,-0.4028201602670005,-233.62697100575105,-232.3525148322861
博多駅南３丁目,非親族を含む世帯,39,85,27,32,False,0.3454724409448819,-0.2448651190951283,-233.68161438977603,-232.3525148322861
博多駅南３丁目,単独世帯,2440,2440,27,32,False,21.614173228346456,2.611184653493467,-209.55686382978575,-232.3525148322861
博多駅南４丁目,夫婦のみの世帯,107,214,93,93,True,0.0,-0.0,738.5415986733158,727.3063702789948
博多駅南４丁目,夫婦と子供から成る世帯,121,423,93,93,True,0.0,-0.0,738.5415986733158,727.3063702789948
博多駅南４丁目,その他の核家族世帯,64,144,93,93,True,0.0,-0.0,738.5415986733158,727.3063702789948
博多駅南４丁目,核家族以外の世帯,27,91,93,93,True,0.0,-0.0,738.5415986733158,727.3063702789948
博多駅南４丁目,非親族を含む世帯,17,34,93,93,True,0.0,-0.0,738.5415986733158,727.3063702789948
博多駅南４丁目,単独世帯,723,723,93,93,True,93.0,11.235228394321073,842.7768270676363,727.3063702789948
博多駅南５丁目,夫婦のみの世帯,138,276,102,104,False,7.683406113537117,-5.211810490721656,-655.1433116184992,-648.3000726942162
博多駅南５丁目,夫婦と子供から成る世帯,162,574,102,104,False,9.019650655021834,-7.584928194214001,-656.1801847805068,-648.3000726942162
博多駅南５丁目,その他の核家族世帯,70,159,102,104,False,3.897379912663755,-2.895460746606815,-656.6129880752576,-648.3000726942162
博多駅南５丁目,核家族以外の世帯,53,183,102,104,False,2.950873362445415,-2.1299647641631236,-656.7939986430324,-648.3000726942162
博多駅南５丁目,非親族を含む世帯,21,44,102,104,False,1.1692139737991267,-0.8287194143734573,-657.2744126818889,-648.3000726942162
博多駅南５丁目,単独世帯,1388,1388,102,104,False,77.27947598253276,9.336049062980702,-570.9993821958017,-648.3000726942162
博多駅南６丁目,夫婦のみの世帯,107,214,15,15,True,0.0,-0.0,339.22509234563563,337.41295873364834
博多駅南６丁目,夫婦と子供から成る世帯,159,565,15,15,True,0.0,-0.0,339.22509234563563,337.41295873364834
博多駅南６丁目,その他の核家族世帯,35,84,15,15,True,0.0,-0.0,339.22509234563563,337.41295873364834
博多駅南６丁目,核家族以外の世帯,19,73,15,15,True,0.0,-0.0,339.22509234563563,337.41295873364834
博多駅南６丁目,非親族を含む世帯,12,24,15,15,True,0.0,-0.0,339.22509234563563,337.41295873364834
博多駅南６丁目,単独世帯,426,426,15,15,True,15.0,1.8121336119872697,356.0372259576231,337.41295873364834
博多駅東１丁目,夫婦のみの世帯,49,98,8,9,False,0.4857496902106567,-0.3294938851200769,-21.763572583984132,-21.793852363850142
博多駅東１丁目,夫婦と子供から成る世帯,28,95,8,9,False,0.27757125154894674,-0.2334190194611009,-21.875676156986863,-21.793852363850142
博多駅東１丁目,その他の核家族世帯,24,56,8,9,False,0.2379182156133829,-0.17675537659875035,-21.858665550060078,-21.793852363850142
博多駅東１丁目,核家族以外の世帯,12,30,8,9,False,0.11895910780669144,-0.08586566649358274,-21.8867349477616,-21.793852363850142
博多駅東１丁目,非親族を含む世帯,16,33,8,9,False,0.15861214374225527,-0.11242164891982631,-21.87363789425228,-21.793852363850142
博多駅東１丁目,単独世帯,678,678,8,9,False,6.721189591078067,0.8119795713687692,-14.386659226627927,-21.793852363850142
博多駅東２丁目,夫婦のみの世帯,20,40,1,1,True,0.0,-0.0,0.12080890746581807,0.0
博多駅東２丁目,夫婦と子供から成る世帯,21,67,1,1,True,0.0,-0.0,0.12080890746581807,0.0
博多駅東２丁目,その他の核家族世帯,15,34,1,1,True,0.0,-0.0,0.12080890746581807,0.0
博多駅東２丁目,核家族以外の世帯,3,8,1,1,True,0.0,-0.0,0.12080890746581807,0.0
博多駅東２丁目,非親族を含む世帯,6,12,1,1,True,0.0,-0.0,0.12080890746581807,0.0
博多駅東２丁目,単独世帯,334,334,1,1,True,1.0,0.12080890746581797,1.2416178149316361,0.0
博多駅東３丁目,夫婦のみの世帯,47,94,6,8,False,0.3003194888178914,-0.20371281164372754,0.16221040064625528,0.0
博多駅東３丁目,夫婦と子供から成る世帯,24,84,6,8,False,0.15335463258785942,-0.12896107852928462,0.08999727753066622,0.0
博多駅東３丁目,その他の核家族世帯,27,61,6,8,False,0.17252396166134185,-0.1281723542568614,0.10995533087657186,0.0
博多駅東３丁目,核家族以外の世帯,10,26,6,8,False,0.06389776357827476,-0.046121933479979546,0.08337955357038664,0.0
博多駅東３丁目,非親族を含む世帯,13,26,6,8,False,0.08306709265175719,-0.05887657342341743,0.08979424270043118,0.0
博多駅東３丁目,単独世帯,818,818,6,8,False,5.226837060702875,0.6314484748053617,5.923889258980329,0.0
古門戸町,夫婦のみの世帯,43,86,5,6,False,0.3282442748091603,-0.2226547614027066,-77.84076155368125,-77.49838353221938
古門戸町,夫婦と子供から成る世帯,57,209,5,6,False,0.4351145038167939,-0.365902449433996,-77.8771390127049,-77.49838353221938
古門戸町,その他の核家族世帯,31,66,5,6,False,0.2366412213740458,-0.17580666572721604,-77.88551651144087,-77.49838353221938
古門戸町,核家族以外の世帯,22,81,5,6,False,0.16793893129770993,-0.12121970761188518,-77.89963184340188,-77.49838353221938
古門戸町,非親族を含む世帯,4,8,5,6,False,0.030534351145038167,-0.021642240142724197,-77.9374589560854,-77.49838353221938
古門戸町,単独世帯,498,498,5,6,False,3.801526717557252,0.4592582894502088,-73.68556606008018,-77.49838353221938
吉塚本町,夫婦のみの世帯,102,204,12,13,False,1.5773195876288661,-1.0699279268267678,-352.5861966672773,-350.47786744134345
吉塚本町,夫婦と子供から成る世帯,126,433,12,13,False,1.9484536082474229,-1.6385203012364458,-352.7836550210684,-350.47786744134345
吉塚本町,その他の核家族世帯,31,73,12,13,False,0.47938144329896903,-0.3561444310865768,-352.970351315867,-350.47786744134345
吉塚本町,核家族以外の世帯,19,76,12,13,False,0.29381443298969073,-0.21207768433410187,-353.0118515794238,-350.47786744134345
吉塚本町,非親族を含む世帯,21,45,12,13,False,0.3247422680412371,-0.23017191739420464,-352.99901797743235,-350.47786744134345
吉塚本町,単独世帯,477,477,12,13,False,7.376288659793815,0.8911213741421935,-344.8261782941433,-350.47786744134345
吉塚１丁目,夫婦のみの世帯,180,360,6,10,False,0.638675340035482,-0.43322646078768484,-186.53049782670698,-185.65043732114145
吉塚１丁目,夫婦と子供から成る世帯,183,660,6,10,False,0.6493199290360734,-0.5460350101329757,-186.63266178705166,-185.65043732114145
吉塚１丁目,その他の核家族世帯,132,330,6,10,False,0.4683619160260201,-0.34795774942351576,-186.61554253935228,-185.65043732114145
吉塚１丁目,核家族以外の世帯,67,219,6,10,False,0.2377291543465405,-0.17159486700330887,-186.66981241861154,-185.65043732114145
吉塚１丁目,非親族を含む世帯,24,48,6,10,False,0.08515671200473093,-0.06035766085930652,-186.71114765480934,-185.65043732114145
吉塚１丁目,単独世帯,1105,1105,6,10,False,3.920756948551153,0.4736623633934791,-182.34152739401011,-185.65043732114145
吉塚２丁目,夫婦のみの世帯,142,284,0,0,True,0.0,-0.0,0.0,0.0
吉塚２丁目,夫婦と子供から成る世帯,200,745,0,0,True,0.0,-0.0,0.0,0.0
吉塚２丁目,その他の核家族世帯,79,185,0,0,True,0.0,-0.0,0.0,0.0
吉塚２丁目,核家族以外の世帯,52,169,0,0,True,0.0,-0.0,0.0,0.0
吉塚２丁目,非親族を含む世帯,15,35,0,0,True,0.0,-0.0,0.0,0.0
吉塚２丁目,単独世帯,723,723,0,0,True,0.0,0.0,0.0,0.0
吉塚３丁目,夫婦のみの世帯,119,238,8,10,False,0.9491525423728814,-0.6438294559125958,-284.606225451822,-283.0421308842142
吉塚３丁目,夫婦と子供から成る世帯,149,530,8,10,False,1.1884346959122631,-0.9993947855384258,-284.7225086279085,-283.0421308842142
吉塚３丁目,その他の核家族世帯,88,207,8,10,False,0.7018943170488534,-0.52145479497079,-284.73110901620424,-283.0421308842142
吉塚３丁目,核家族以外の世帯,38,128,8,10,False,0.30309072781655033,-0.2187733905526926,-284.82723120101844,-283.0421308842142
吉塚３丁目,非親族を含む世帯,11,27,8,10,False,0.08773678963110668,-0.062186376960449784,-284.88599812561165,-283.0421308842142
吉塚３丁目,単独世帯,598,598,8,10,False,4.7696909272183445,0.5762211498668725,-279.56563646119713,-283.0421308842142
吉塚４丁目,夫婦のみの世帯,207,414,9,9,True,0.0,-0.0,242.6468741848176,241.55959401762522
吉塚４丁目,夫婦と子供から成る世帯,353,1258,9,9,True,0.0,-0.0,242.6468741848176,241.55959401762522
吉塚４丁目,その他の核家族世帯,122,297,9,9,True,0.0,-0.0,242.6468741848176,241.55959401762522
吉塚４丁目,核家族以外の世帯,58,211,9,9,True,0.0,-0.0,242.6468741848176,241.55959401762522
吉塚４丁目,非親族を含む世帯,29,63,9,9,True,0.0,-0.0,242.6468741848176,241.55959401762522
吉塚４丁目,単独世帯,649,649,9,9,True,9.0,1.0872801671923618,252.73415435201002,241.55959401762522
吉塚５丁目,夫婦のみの世帯,122,244,55,55,True,0.0,-0.0,611.6939868028351,605.0494968922153
吉塚５丁目,夫婦と子供から成る世帯,209,777,55,55,True,0.0,-0.0,611.6939868028351,605.0494968922153
吉塚５丁目,その他の核家族世帯,72,181,55,55,True,0.0,-0.0,611.6939868028351,605.0494968922153
吉塚５丁目,核家族以外の世帯,47,165,55,55,True,0.0,-0.0,611.6939868028351,605.0494968922153
吉塚５丁目,非親族を含む世帯,10,25,55,55,True,0.0,-0.0,611.6939868028351,605.0494968922153
吉塚５丁目,単独世帯,496,496,55,55,True,55.0,6.644489910619989,673.3384767134557,605.0494968922153
吉塚６丁目,夫婦のみの世帯,195,390,39,48,False,4.682881773399015,-3.1764938612849907,-631.5287039436082,-624.7444162830236
吉塚６丁目,夫婦と子供から成る世帯,256,927,39,48,False,6.147783251231528,-5.169878113651815,-632.0571867181425,-624.7444162830236
吉塚６丁目,その他の核家族世帯,106,249,39,48,False,2.5455665024630543,-1.8911648468782132,-632.3806902001372,-624.7444162830236
吉塚６丁目,核家族以外の世帯,42,129,39,48,False,1.0086206896551724,-0.7280307439527289,-632.7545019100196,-624.7444162830236
吉塚６丁目,非親族を含む世帯,15,30,39,48,False,0.3602216748768473,-0.2553191307477939,-632.930189311593,-624.7444162830236
吉塚６丁目,単独世帯,1010,1010,39,48,False,24.254926108374384,2.9302111238168536,-605.8499546235312,-624.7444162830236
吉塚７丁目,夫婦のみの世帯,154,308,8,8,True,0.0,-0.0,223.08645586962882,222.11998460990233
吉塚７丁目,夫婦と子供から成る世帯,199,704,8,8,True,0.0,-0.0,223.08645586962882,222.11998460990233
吉塚７丁目,その他の核家族世帯,73,173,8,8,True,0.0,-0.0,223.08645586962882,222.11998460990233
吉塚７丁目,核家族以外の世帯,43,140,8,8,True,0.0,-0.0,223.08645586962882,222.11998460990233
吉塚７丁目,非親族を含む世帯,11,22,8,8,True,0.0,-0.0,223.08645586962882,222.11998460990233
吉塚７丁目,単独世帯,616,616,8,8,True,8.0,0.9664712597265438,232.05292712935534,222.11998460990233
吉塚８丁目,夫婦のみの世帯,30,60,0,0,True,0.0,-0.0,0.0,0.0
吉塚８丁目,夫婦と子供から成る世帯,47,170,0,0,True,0.0,-0.0,0.0,0.0
吉塚８丁目,その他の核家族世帯,22,56,0,0,True,0.0,-0.0,0.0,0.0
吉塚８丁目,核家族以外の世帯,11,34,0,0,True,0.0,-0.0,0.0,0.0
吉塚８丁目,非親族を含む世帯,11,22,0,0,True,0.0,-0.0,0.0,0.0
吉塚８丁目,単独世帯,159,159,0,0,True,0.0,0.0,0.0,0.0
堅粕１丁目,夫婦のみの世帯,81,162,0,0,True,0.0,-0.0,0.0,0.0
堅粕１丁目,夫婦と子供から成る世帯,79,285,0,0,True,0.0,-0.0,0.0,0.0
堅粕１丁目,その他の核家族世帯,63,153,0,0,True,0.0,-0.0,0.0,0.0
堅粕１丁目,核家族以外の世帯,17,55,0,0,True,0.0,-0.0,0.0,0.0
堅粕１丁目,非親族を含む世帯,1,2,0,0,True,0.0,-0.0,0.0,0.0
堅粕１丁目,単独世帯,403,403,0,0,True,0.0,0.0,0.0,0.0
堅粕２丁目,夫婦のみの世帯,73,146,2,4,False,0.23434991974317818,-0.15896431246362933,-62.66152769505582,-62.37635632933343
堅粕２丁目,夫婦と子供から成る世帯,73,269,2,4,False,0.23434991974317818,-0.1970727450050578,-62.699636127597245,-62.37635632933343
堅粕２丁目,その他の核家族世帯,46,106,2,4,False,0.1476725521669342,-0.10970962229298442,-62.69895037246141,-62.37635632933343
堅粕２丁目,核家族以外の世帯,17,52,2,4,False,0.05457463884430177,-0.03939242504766793,-62.72173108853873,-62.37635632933343
堅粕２丁目,非親族を含む世帯,6,12,2,4,False,0.019261637239165328,-0.013652328051509807,-62.731303993147705,-62.37635632933343
堅粕２丁目,単独世帯,408,408,2,4,False,1.3097913322632424,0.1582344598589205,-61.268887510213204,-62.37635632933343
堅粕３丁目,夫婦のみの世帯,77,154,0,0,True,0.0,-0.0,0.0,0.0
堅粕３丁目,夫婦と子供から成る世帯,75,260,0,0,True,0.0,-0.0,0.0,0.0
堅粕３丁目,その他の核家族世帯,54,126,0,0,True,0.0,-0.0,0.0,0.0
堅粕３丁目,核家族以外の世帯,42,117,0,0,True,0.0,-0.0,0.0,0.0
堅粕３丁目,非親族を含む世帯,14,30,0,0,True,0.0,-0.0,0.0,0.0
堅粕３丁目,単独世帯,655,655,0,0,True,0.0,0.0,0.0,0.0
堅粕４丁目,夫婦のみの世帯,70,140,31,34,False,1.9817351598173514,-1.3442512270138558,-333.2566565512639,-331.5069844526174
堅粕４丁目,夫婦と子供から成る世帯,83,273,31,34,False,2.3497716894977168,-1.9760022000091482,-333.52037099457885,-331.5069844526174
堅粕４丁目,その他の核家族世帯,45,103,31,34,False,1.273972602739726,-0.9464660223396699,-333.56663390366737,-331.5069844526174
堅粕４丁目,核家族以外の世帯,38,139,31,34,False,1.075799086757991,-0.7765206658053507,-333.59486206311476,-331.5069844526174
堅粕４丁目,非親族を含む世帯,12,25,31,34,False,0.33972602739726027,-0.2407921567660355,-333.79520661343616,-331.5069844526174
堅粕４丁目,単独世帯,847,847,31,34,False,23.978995433789954,2.8968762404840023,-307.0182688097935,-331.5069844526174
堅粕５丁目,夫婦のみの世帯,24,48,5,5,True,0.0,-0.0,0.6040445373290897,0.0
堅粕５丁目,夫婦と子供から成る世帯,15,52,5,5,True,0.0,-0.0,0.6040445373290897,0.0
堅粕５丁目,その他の核家族世帯,7,14,5,5,True,0.0,-0.0,0.6040445373290897,0.0
堅粕５丁目,核家族以外の世帯,8,23,5,5,True,0.0,-0.0,0.6040445373290897,0.0
堅粕５丁目,非親族を含む世帯,9,18,5,5,True,0.0,-0.0,0.6040445373290897,0.0
堅粕５丁目,単独世帯,377,377,5,5,True,5.0,0.6040445373290899,6.208089074658179,0.0
大井１丁目,夫婦のみの世帯,2,4,0,0,True,0.0,-0.0,0.0,0.0
大井１丁目,夫婦と子供から成る世帯,1,3,0,0,True,0.0,-0.0,0.0,0.0
大井１丁目,その他の核家族世帯,2,4,0,0,True,0.0,-0.0,0.0,0.0
大井１丁目,核家族以外の世帯,1,6,0,0,True,0.0,-0.0,0.0,0.0
大井１丁目,非親族を含む世帯,1,2,0,0,True,0.0,-0.0,0.0,0.0
大井１丁目,単独世帯,4,4,0,0,True,0.0,0.0,0.0,0.0
大井２丁目,夫婦のみの世帯,21,42,11,11,True,0.0,-0.0,279.07298319535363,277.74408521322965
大井２丁目,夫婦と子供から成る世帯,31,114,11,11,True,0.0,-0.0,279.07298319535363,277.74408521322965
大井２丁目,その他の核家族世帯,15,39,11,11,True,0.0,-0.0,279.07298319535363,277.74408521322965
大井２丁目,核家族以外の世帯,4,16,11,11,True,0.0,-0.0,279.07298319535363,277.74408521322965
大井２丁目,非親族を含む世帯,5,10,11,11,True,0.0,-0.0,279.07298319535363,277.74408521322965
大井２丁目,単独世帯,85,85,11,11,True,11.0,1.328897982123998,291.40188117747743,277.74408521322965
大博町,夫婦のみの世帯,70,140,41,42,False,2.9557157569515966,-2.0049220569677773,-497.12734916966804,-493.4373503847053
大博町,夫婦と子供から成る世帯,86,311,41,42,False,3.631307929969104,-3.0536892118499535,-497.5005241515328,-493.4373503847053
大博町,その他の核家族世帯,54,133,41,42,False,2.2801235839340883,-1.6939606819549973,-497.4919799676728,-493.4373503847053
大博町,核家族以外の世帯,34,111,41,42,False,1.435633367662204,-1.0362520216195488,-497.67876152360924,-493.4373503847053
大博町,非親族を含む世帯,16,38,41,42,False,0.6755921730175077,-0.4788484935389152,-497.88139919017334,-493.4373503847053
大博町,単独世帯,711,711,41,42,False,30.021627188465498,3.6268799809846137,-464.42963570020186,-493.4373503847053
大字下月隈,夫婦のみの世帯,0,0,0,0,True,0.0,-0.0,0.0,0.0
大字下月隈,夫婦と子供から成る世帯,0,0,0,0,True,0.0,-0.0,0.0,0.0
大字下月隈,その他の核家族世帯,0,0,0,0,True,0.0,-0.0,0.0,0.0
大字下月隈,核家族以外の世帯,0,0,0,0,True,0.0,-0.0,0.0,0.0
大字下月隈,非親族を含む世帯,0,0,0,0,True,0.0,-0.0,0.0,0.0
大字下月隈,単独世帯,0,0,0,0,True,0.0,0.0,0.0,0.0
大字下臼井,夫婦のみの世帯,0,0,0,0,True,0.0,-0.0,0.0,0.0
大字下臼井,夫婦と子供から成る世帯,0,0,0,0,True,0.0,-0.0,0.0,0.0
大字下臼井,その他の核家族世帯,0,0,0,0,True,0.0,-0.0,0.0,0.0
大字下臼井,核家族以外の世帯,0,0,0,0,True,0.0,-0.0,0.0,0.0
大字下臼井,非親族を含む世帯,0,0,0,0,True,0.0,-0.0,0.0,0.0
大字下臼井,単独世帯,0,0,0,0,True,0.0,0.0,0.0,0.0
大字板付,夫婦のみの世帯,10,20,0,0,True,0.0,-0.0,0.0,0.0
大字板付,夫婦と子供から成る世帯,16,55,0,0,True,0.0,-0.0,0.0,0.0
大字板付,その他の核家族世帯,6,16,0,0,True,0.0,-0.0,0.0,0.0
大字板付,核家族以外の世帯,4,17,0,0,True,0.0,-0.0,0.0,0.0
大字板付,非親族を含む世帯,0,0,0,0,True,0.0,-0.0,0.0,0.0
大字板付,単独世帯,9,9,0,0,True,0.0,0.0,0.0,0.0
大字立花寺,夫婦のみの世帯,9,18,0,0,True,0.0,-0.0,0.0,0.0
大字立花寺,夫婦と子供から成る世帯,29,114,0,0,True,0.0,-0.0,0.0,0.0
大字立花寺,その他の核家族世帯,8,21,0,0,True,0.0,-0.0,0.0,0.0
大字立花寺,核家族以外の世帯,9,43,0,0,True,0.0,-0.0,0.0,0.0
大字立花寺,非親族を含む世帯,0,0,0,0,True,0.0,-0.0,0.0,0.0
大字立花寺,単独世帯,6,6,0,0,True,0.0,0.0,0.0,0.0
大字金隈,夫婦のみの世帯,0,0,0,0,True,0.0,-0.0,0.0,0.0
大字金隈,夫婦と子供から成る世帯,0,0,0,0,True,0.0,-0.0,0.0,0.0
大字金隈,その他の核家族世帯,0,0,0,0,True,0.0,-0.0,0.0,0.0
大字金隈,核家族以外の世帯,0,0,0,0,True,0.0,-0.0,0.0,0.0
大字金隈,非親族を含む世帯,0,0,0,0,True,0.0,-0.0,0.0,0.0
大字金隈,単独世帯,0,0,0,0,True,0.0,0.0,0.0,0.0
奈良屋町,夫婦のみの世帯,86,172,15,15,True,0.0,-0.0,339.22509234563563,337.41295873364834
奈良屋町,夫婦と子供から成る世帯,109,396,15,15,True,0.0,-0.0,339.22509234563563,337.41295873364834
奈良屋町,その他の核家族世帯,52,129,15,15,True,0.0,-0.0,339.22509234563563,337.41295873364834
奈良屋町,核家族以外の世帯,42,164,15,15,True,0.0,-0.0,339.22509234563563,337.41295873364834
奈良屋町,非親族を含む世帯,7,15,15,15,True,0.0,-0.0,339.22509234563563,337.41295873364834
奈良屋町,単独世帯,554,554,15,15,True,15.0,1.8121336119872697,356.0372259576231,337.41295873364834
対馬小路,夫婦のみの世帯,76,152,5,5,True,0.0,-0.0,0.6040445373290897,0.0
対馬小路,夫婦と子供から成る世帯,113,417,5,5,True,0.0,-0.0,0.6040445373290897,0.0
対馬小路,その他の核家族世帯,40,99,5,5,True,0.0,-0.0,0.6040445373290897,0.0
対馬小路,核家族以外の世帯,34,111,5,5,True,0.0,-0.0,0.6040445373290897,0.0
対馬小路,非親族を含む世帯,11,22,5,5,True,0.0,-0.0,0.6040445373290897,0.0
対馬小路,単独世帯,647,647,5,5,True,5.0,0.6040445373290899,6.208089074658179,0.0
寿町１丁目,夫婦のみの世帯,18,36,0,0,True,0.0,-0.0,0.0,0.0
寿町１丁目,夫婦と子供から成る世帯,17,59,0,0,True,0.0,-0.0,0.0,0.0
寿町１丁目,その他の核家族世帯,1,2,0,0,True,0.0,-0.0,0.0,0.0
寿町１丁目,核家族以外の世帯,0,0,0,0,True,0.0,-0.0,0.0,0.0
寿町１丁目,非親族を含む世帯,0,0,0,0,True,0.0,-0.0,0.0,0.0
寿町１丁目,単独世帯,5,5,0,0,True,0.0,0.0,0.0,0.0
寿町２丁目,夫婦のみの世帯,71,142,7,7,True,0.0,-0.0,0.8456623522607263,0.0
寿町２丁目,夫婦と子供から成る世帯,65,228,7,7,True,0.0,-0.0,0.8456623522607263,0.0
寿町２丁目,その他の核家族世帯,23,51,7,7,True,0.0,-0.0,0.8456623522607263,0.0
寿町２丁目,核家族以外の世帯,12,42,7,7,True,0.0,-0.0,0.8456623522607263,0.0
寿町２丁目,非親族を含む世帯,7,15,7,7,True,0.0,-0.0,0.8456623522607263,0.0
寿町２丁目,単独世帯,411,411,7,7,True,7.0,0.845662352260726,8.691324704521453,0.0
寿町３丁目,夫婦のみの世帯,58,116,0,0,True,0.0,-0.0,0.0,0.0
寿町３丁目,夫婦と子供から成る世帯,82,290,0,0,True,0.0,-0.0,0.0,0.0
寿町３丁目,その他の核家族世帯,31,71,0,0,True,0.0,-0.0,0.0,0.0
寿町３丁目,核家族以外の世帯,11,35,0,0,True,0.0,-0.0,0.0,0.0
寿町３丁目,非親族を含む世帯,4,8,0,0,True,0.0,-0.0,0.0,0.0
寿町３丁目,単独世帯,249,249,0,0,True,0.0,0.0,0.0,0.0
山王１丁目,夫婦のみの世帯,98,196,35,39,False,4.425806451612903,-3.0021144468440557,-667.4082583108016,-659.0497389737116
山王１丁目,夫婦と子供から成る世帯,156,574,35,39,False,7.04516129032258,-5.924513547983248,-667.7113025732313,-659.0497389737116
山王１丁目,その他の核家族世帯,57,137,35,39,False,2.574193548387097,-1.9124325933185962,-668.170189360502,-659.0497389737116
山王１丁目,核家族以外の世帯,23,68,35,39,False,1.038709677419355,-0.7497492238247128,-668.5429898619759,-659.0497389737116
山王１丁目,非親族を含む世帯,16,39,35,39,False,0.7225806451612903,-0.5121531409258862,-668.6215228113351,-659.0497389737116
山王１丁目,単独世帯,425,425,35,39,False,19.193548387096772,2.3187516110374737,-647.3196503174363,-659.0497389737116
山王２丁目,夫婦のみの世帯,34,68,1,2,False,0.09798270893371758,-0.06646366244136821,-29.20866588604971,-29.072137892699864
山王２丁目,夫婦と子供から成る世帯,46,172,1,2,False,0.13256484149855907,-0.11147824259513929,-29.21909833363864,-29.072137892699864
山王２丁目,その他の核家族世帯,15,38,1,2,False,0.043227665706051875,-0.032114911048989454,-29.229072177884998,-29.072137892699864
山王２丁目,核家族以外の世帯,8,30,1,2,False,0.023054755043227664,-0.016641112598540172,-29.233771290097373,-29.072137892699864
山王２丁目,非親族を含む世帯,11,22,1,2,False,0.03170028818443804,-0.022468636920508336,-29.23095328127813,-29.072137892699864
山王２丁目,単独世帯,233,233,1,2,False,0.6714697406340058,0.0811195257623504,-28.487595666145697,-29.072137892699864
店屋町,夫婦のみの世帯,41,82,5,5,True,0.0,-0.0,0.6040445373290897,0.0
店屋町,夫婦と子供から成る世帯,35,119,5,5,True,0.0,-0.0,0.6040445373290897,0.0
店屋町,その他の核家族世帯,18,42,5,5,True,0.0,-0.0,0.6040445373290897,0.0
店屋町,核家族以外の世帯,9,25,5,5,True,0.0,-0.0,0.6040445373290897,0.0
店屋町,非親族を含む世帯,7,14,5,5,True,0.0,-0.0,0.6040445373290897,0.0
店屋町,単独世帯,389,389,5,5,True,5.0,0.6040445373290899,6.208089074658179,0.0
御供所町,夫婦のみの世帯,52,104,14,20,False,1.037037037037037,-0.7034432944230212,-230.80961082693057,-229.73444227069757
御供所町,夫婦と子供から成る世帯,61,214,14,20,False,1.2165242165242165,-1.0230162100259625,-230.9496965630463,-229.73444227069757
御供所町,その他の核家族世帯,29,63,14,20,False,0.5783475783475783,-0.42966884125391563,-230.9945258324509,-229.73444227069757
御供所町,核家族以外の世帯,24,79,14,20,False,0.4786324786324787,-0.3454808760842229,-231.01005296699634,-229.73444227069757
御供所町,非親族を含む世帯,12,29,14,20,False,0.23931623931623935,-0.1696233693237444,-231.07351169955206,-229.73444227069757
御供所町,単独世帯,524,524,14,20,False,10.45014245014245,1.2624702922638755,-219.43059182713824,-229.73444227069757
新和町１丁目,夫婦のみの世帯,39,78,0,0,True,0.0,-0.0,0.0,0.0
新和町１丁目,夫婦と子供から成る世帯,59,220,0,0,True,0.0,-0.0,0.0,0.0
新和町１丁目,その他の核家族世帯,40,98,0,0,True,0.0,-0.0,0.0,0.0
新和町１丁目,核家族以外の世帯,18,59,0,0,True,0.0,-0.0,0.0,0.0
新和町１丁目,非親族を含む世帯,0,0,0,0,True,0.0,-0.0,0.0,0.0
新和町１丁目,単独世帯,103,103,0,0,True,0.0,0.0,0.0,0.0
新和町２丁目,夫婦のみの世帯,44,88,3,3,True,0.0,-0.0,0.362426722397454,0.0
新和町２丁目,夫婦と子供から成る世帯,88,322,3,3,True,0.0,-0.0,0.362426722397454,0.0
新和町２丁目,その他の核家族世帯,25,57,3,3,True,0.0,-0.0,0.362426722397454,0.0
新和町２丁目,核家族以外の世帯,17,75,3,3,True,0.0,-0.0,0.362426722397454,0.0
新和町２丁目,非親族を含む世帯,3,6,3,3,True,0.0,-0.0,0.362426722397454,0.0
新和町２丁目,単独世帯,184,184,3,3,True,3.0,0.36242672239745394,3.724853444794908,0.0
春町１丁目,夫婦のみの世帯,19,38,15,17,False,1.0919540229885059,-0.7406946018863094,-249.3320533696085,-248.1274067758227
春町１丁目,夫婦と子供から成る世帯,22,75,15,17,False,1.264367816091954,-1.063249505211511,-249.48219447983024,-248.1274067758227
春町１丁目,その他の核家族世帯,18,42,15,17,False,1.0344827586206897,-0.7685430437240924,-249.4173730758141,-248.1274067758227
春町１丁目,核家族以外の世帯,6,21,15,17,False,0.3448275862068966,-0.24889939964195865,-249.58738460414577,-248.1274067758227
春町１丁目,非親族を含む世帯,2,7,15,17,False,0.11494252873563218,-0.08146935226140431,-249.6498396142365,-248.1274067758227
春町１丁目,単独世帯,194,194,15,17,False,11.149425287356323,1.346949887837281,-237.18693761551708,-248.1274067758227
春町２丁目,夫婦のみの世帯,49,98,0,0,True,0.0,-0.0,0.0,0.0
春町２丁目,夫婦と子供から成る世帯,68,249,0,0,True,0.0,-0.0,0.0,0.0
春町２丁目,その他の核家族世帯,32,76,0,0,True,0.0,-0.0,0.0,0.0
春町２丁目,核家族以外の世帯,9,34,0,0,True,0.0,-0.0,0.0,0.0
春町２丁目,非親族を含む世帯,5,10,0,0,True,0.0,-0.0,0.0,0.0
春町２丁目,単独世帯,174,174,0,0,True,0.0,0.0,0.0,0.0
春町３丁目,夫婦のみの世帯,39,78,0,0,True,0.0,-0.0,0.0,0.0
春町３丁目,夫婦と子供から成る世帯,36,124,0,0,True,0.0,-0.0,0.0,0.0
春町３丁目,その他の核家族世帯,15,36,0,0,True,0.0,-0.0,0.0,0.0
春町３丁目,核家族以外の世帯,7,26,0,0,True,0.0,-0.0,0.0,0.0
春町３丁目,非親族を含む世帯,4,8,0,0,True,0.0,-0.0,0.0,0.0
春町３丁目,単独世帯,134,134,0,0,True,0.0,0.0,0.0,0.0
昭南町１丁目,夫婦のみの世帯,27,54,0,0,True,0.0,-0.0,0.0,0.0
昭南町１丁目,夫婦と子供から成る世帯,37,132,0,0,True,0.0,-0.0,0.0,0.0
昭南町１丁目,その他の核家族世帯,16,38,0,0,True,0.0,-0.0,0.0,0.0
昭南町１丁目,核家族以外の世帯,5,25,0,0,True,0.0,-0.0,0.0,0.0
昭南町１丁目,非親族を含む世帯,2,4,0,0,True,0.0,-0.0,0.0,0.0
昭南町１丁目,単独世帯,173,173,0,0,True,0.0,0.0,0.0,0.0
昭南町２丁目,夫婦のみの世帯,12,24,0,0,True,0.0,-0.0,0.0,0.0
昭南町２丁目,夫婦と子供から成る世帯,15,53,0,0,True,0.0,-0.0,0.0,0.0
昭南町２丁目,その他の核家族世帯,6,13,0,0,True,0.0,-0.0,0.0,0.0
昭南町２丁目,核家族以外の世帯,3,7,0,0,True,0.0,-0.0,0.0,0.0
昭南町２丁目,非親族を含む世帯,1,2,0,0,True,0.0,-0.0,0.0,0.0
昭南町２丁目,単独世帯,95,95,0,0,True,0.0,0.0,0.0,0.0
昭南町３丁目,夫婦のみの世帯,25,50,0,0,True,0.0,-0.0,0.0,0.0
昭南町３丁目,夫婦と子供から成る世帯,15,55,0,0,True,0.0,-0.0,0.0,0.0
昭南町３丁目,その他の核家族世帯,12,25,0,0,True,0.0,-0.0,0.0,0.0
昭南町３丁目,核家族以外の世帯,11,42,0,0,True,0.0,-0.0,0.0,0.0
昭南町３丁目,非親族を含む世帯,2,4,0,0,True,0.0,-0.0,0.0,0.0
昭南町３丁目,単独世帯,108,108,0,0,True,0.0,0.0,0.0,0.0
月隈１丁目,夫婦のみの世帯,18,36,1,2,False,0.20930232558139536,-0.1419740203860417,-101.72403787127365,-101.2063583248801
月隈１丁目,夫婦と子供から成る世帯,34,128,1,2,False,0.3953488372093023,-0.33246216029763737,-101.72847949955734,-101.2063583248801
月隈１丁目,その他の核家族世帯,7,18,1,2,False,0.08139534883720931,-0.06047063483565534,-101.77044146246745,-101.2063583248801
月隈１丁目,核家族以外の世帯,8,35,1,2,False,0.09302325581395349,-0.06714495432201674,-101.76548787497707,-101.2063583248801
月隈１丁目,非親族を含む世帯,1,3,1,2,False,0.011627906976744186,-0.008241667031095551,-101.78797993652336,-101.2063583248801
月隈１丁目,単独世帯,18,18,1,2,False,0.20930232558139536,0.0252855852835433,-101.55677826560407,-101.2063583248801
月隈２丁目,夫婦のみの世帯,41,82,0,0,True,0.0,-0.0,0.0,0.0
月隈２丁目,夫婦と子供から成る世帯,107,400,0,0,True,0.0,-0.0,0.0,0.0
月隈２丁目,その他の核家族世帯,28,70,0,0,True,0.0,-0.0,0.0,0.0
月隈２丁目,核家族以外の世帯,21,93,0,0,True,0.0,-0.0,0.0,0.0
月隈２丁目,非親族を含む世帯,2,4,0,0,True,0.0,-0.0,0.0,0.0
月隈２丁目,単独世帯,55,55,0,0,True,0.0,0.0,0.0,0.0
月隈３丁目,夫婦のみの世帯,18,36,0,0,True,0.0,-0.0,0.0,0.0
月隈３丁目,夫婦と子供から成る世帯,40,153,0,0,True,0.0,-0.0,0.0,0.0
月隈３丁目,その他の核家族世帯,15,36,0,0,True,0.0,-0.0,0.0,0.0
月隈３丁目,核家族以外の世帯,6,29,0,0,True,0.0,-0.0,0.0,0.0
月隈３丁目,非親族を含む世帯,0,0,0,0,True,0.0,-0.0,0.0,0.0
月隈３丁目,単独世帯,41,41,0,0,True,0.0,0.0,0.0,0.0
月隈４丁目,夫婦のみの世帯,0,0,0,0,True,0.0,-0.0,0.0,0.0
月隈４丁目,夫婦と子供から成る世帯,0,0,0,0,True,0.0,-0.0,0.0,0.0
月隈４丁目,その他の核家族世帯,0,0,0,0,True,0.0,-0.0,0.0,0.0
月隈４丁目,核家族以外の世帯,0,0,0,0,True,0.0,-0.0,0.0,0.0
月隈４丁目,非親族を含む世帯,0,0,0,0,True,0.0,-0.0,0.0,0.0
月隈４丁目,単独世帯,0,0,0,0,True,0.0,0.0,0.0,0.0
月隈５丁目,夫婦のみの世帯,0,0,0,0,True,0.0,-0.0,0.0,0.0
月隈５丁目,夫婦と子供から成る世帯,0,0,0,0,True,0.0,-0.0,0.0,0.0
月隈５丁目,その他の核家族世帯,0,0,0,0,True,0.0,-0.0,0.0,0.0
月隈５丁目,核家族以外の世帯,0,0,0,0,True,0.0,-0.0,0.0,0.0
月隈５丁目,非親族を含む世帯,0,0,0,0,True,0.0,-0.0,0.0,0.0
月隈５丁目,単独世帯,0,0,0,0,True,0.0,0.0,0.0,0.0
月隈６丁目,夫婦のみの世帯,34,68,0,0,True,0.0,-0.0,0.0,0.0
月隈６丁目,夫婦と子供から成る世帯,62,221,0,0,True,0.0,-0.0,0.0,0.0
月隈６丁目,その他の核家族世帯,17,48,0,0,True,0.0,-0.0,0.0,0.0
月隈６丁目,核家族以外の世帯,13,62,0,0,True,0.0,-0.0,0.0,0.0
月隈６丁目,非親族を含む世帯,4,9,0,0,True,0.0,-0.0,0.0,0.0
月隈６丁目,単独世帯,114,114,0,0,True,0.0,0.0,0.0,0.0
東光寺町１丁目,夫婦のみの世帯,65,130,7,7,True,0.0,-0.0,0.8456623522607263,0.0
東光寺町１丁目,夫婦と子供から成る世帯,71,259,7,7,True,0.0,-0.0,0.8456623522607263,0.0
東光寺町１丁目,その他の核家族世帯,18,45,7,7,True,0.0,-0.0,0.8456623522607263,0.0
東光寺町１丁目,核家族以外の世帯,20,80,7,7,True,0.0,-0.0,0.8456623522607263,0.0
東光寺町１丁目,非親族を含む世帯,14,30,7,7,True,0.0,-0.0,0.8456623522607263,0.0
東光寺町１丁目,単独世帯,188,188,7,7,True,7.0,0.845662352260726,8.691324704521453,0.0
東光寺町２丁目,夫婦のみの世帯,44,88,1,1,True,0.0,-0.0,0.12080890746581807,0.0
東光寺町２丁目,夫婦と子供から成る世帯,100,368,1,1,True,0.0,-0.0,0.12080890746581807,0.0
東光寺町２丁目,その他の核家族世帯,29,77,1,1,True,0.0,-0.0,0.12080890746581807,0.0
東光寺町２丁目,核家族以外の世帯,6,21,1,1,True,0.0,-0.0,0.12080890746581807,0.0
東光寺町２丁目,非親族を含む世帯,1,2,1,1,True,0.0,-0.0,0.12080890746581807,0.0
東光寺町２丁目,単独世帯,86,86,1,1,True,1.0,0.12080890746581797,1.2416178149316361,0.0
東光１丁目,夫婦のみの世帯,11,22,1,1,True,0.0,-0.0,0.12080890746581807,0.0
東光１丁目,夫婦と子供から成る世帯,0,0,1,1,True,0.0,-0.0,0.12080890746581807,0.0
東光１丁目,その他の核家族世帯,2,4,1,1,True,0.0,-0.0,0.12080890746581807,0.0
東光１丁目,核家族以外の世帯,1,2,1,1,True,0.0,-0.0,0.12080890746581807,0.0
東光１丁目,非親族を含む世帯,4,8,1,1,True,0.0,-0.0,0.12080890746581807,0.0
東光１丁目,単独世帯,152,152,1,1,True,1.0,0.12080890746581797,1.2416178149316361,0.0
東光２丁目,夫婦のみの世帯,76,152,42,44,False,5.224222585924713,-3.543696334261963,-633.4773143679959,-626.7787171817959
東光２丁目,夫婦と子供から成る世帯,73,270,42,44,False,5.018003273322422,-4.219808057121393,-634.3596454034575,-626.7787171817959
東光２丁目,その他の核家族世帯,42,103,42,44,False,2.8870703764320784,-2.1448765927304785,-634.415646835957,-626.7787171817959
東光２丁目,核家族以外の世帯,22,65,42,44,False,1.5122749590834699,-1.0915725552873852,-634.7371382158624,-626.7787171817959
東光２丁目,非親族を含む世帯,12,26,42,44,False,0.8248772504091653,-0.5846592729882252,-634.9176226422376,-626.7787171817959
東光２丁目,単独世帯,386,386,42,44,False,26.533551554828154,3.205489374526745,-605.4187996903038,-626.7787171817959
東公園,夫婦のみの世帯,13,26,0,0,True,0.0,-0.0,0.0,0.0
東公園,夫婦と子供から成る世帯,11,42,0,0,True,0.0,-0.0,0.0,0.0
東公園,その他の核家族世帯,5,10,0,0,True,0.0,-0.0,0.0,0.0
東公園,核家族以外の世帯,6,20,0,0,True,0.0,-0.0,0.0,0.0
東公園,非親族を含む世帯,2,6,0,0,True,0.0,-0.0,0.0,0.0
東公園,単独世帯,196,196,0,0,True,0.0,0.0,0.0,0.0
東平尾公園１丁目,夫婦のみの世帯,0,0,0,0,True,0.0,-0.0,0.0,0.0
東平尾公園１丁目,夫婦と子供から成る世帯,0,0,0,0,True,0.0,-0.0,0.0,0.0
東平尾公園１丁目,その他の核家族世帯,0,0,0,0,True,0.0,-0.0,0.0,0.0
東平尾公園１丁目,核家族以外の世帯,0,0,0,0,True,0.0,-0.0,0.0,0.0
東平尾公園１丁目,非親族を含む世帯,0,0,0,0,True,0.0,-0.0,0.0,0.0
東平尾公園１丁目,単独世帯,0,0,0,0,True,0.0,0.0,0.0,0.0
東平尾公園２丁目,夫婦のみの世帯,0,0,0,0,True,0.0,-0.0,0.0,0.0
東平尾公園２丁目,夫婦と子供から成る世帯,0,0,0,0,True,0.0,-0.0,0.0,0.0
東平尾公園２丁目,その他の核家族世帯,0,0,0,0,True,0.0,-0.0,0.0,0.0
東平尾公園２丁目,核家族以外の世帯,0,0,0,0,True,0.0,-0.0,0.0,0.0
東平尾公園２丁目,非親族を含む世帯,0,0,0,0,True,0.0,-0.0,0.0,0.0
東平尾公園２丁目,単独世帯,0,0,0,0,True,0.0,0.0,0.0,0.0
東平尾１丁目,夫婦のみの世帯,68,136,11,11,True,0.0,-0.0,279.07298319535363,277.74408521322965
東平尾１丁目,夫婦と子供から成る世帯,113,408,11,11,True,0.0,-0.0,279.07298319535363,277.74408521322965
東平尾１丁目,その他の核家族世帯,20,47,11,11,True,0.0,-0.0,279.07298319535363,277.74408521322965
東平尾１丁目,核家族以外の世帯,11,46,11,11,True,0.0,-0.0,279.07298319535363,277.74408521322965
東平尾１丁目,非親族を含む世帯,5,11,11,11,True,0.0,-0.0,279.07298319535363,277.74408521322965
東平尾１丁目,単独世帯,160,160,11,11,True,11.0,1.328897982123998,291.40188117747743,277.74408521322965
東平尾２丁目,夫婦のみの世帯,75,150,2,2,True,0.0,-0.0,0.24161781493163614,0.0
東平尾２丁目,夫婦と子供から成る世帯,106,381,2,2,True,0.0,-0.0,0.24161781493163614,0.0
東平尾２丁目,その他の核家族世帯,21,49,2,2,True,0.0,-0.0,0.24161781493163614,0.0
東平尾２丁目,核家族以外の世帯,21,84,2,2,True,0.0,-0.0,0.24161781493163614,0.0
東平尾２丁目,非親族を含む世帯,8,21,2,2,True,0.0,-0.0,0.24161781493163614,0.0
東平尾２丁目,単独世帯,104,104,2,2,True,2.0,0.24161781493163595,2.4832356298632723,0.0
東平尾３丁目,夫婦のみの世帯,0,0,0,0,True,0.0,-0.0,0.0,0.0
東平尾３丁目,夫婦と子供から成る世帯,0,0,0,0,True,0.0,-0.0,0.0,0.0
東平尾３丁目,その他の核家族世帯,0,0,0,0,True,0.0,-0.0,0.0,0.0
東平尾３丁目,核家族以外の世帯,0,0,0,0,True,0.0,-0.0,0.0,0.0
東平尾３丁目,非親族を含む世帯,0,0,0,0,True,0.0,-0.0,0.0,0.0
東平尾３丁目,単独世帯,0,0,0,0,True,0.0,0.0,0.0,0.0
東月隈１丁目,夫婦のみの世帯,76,152,0,0,True,0.0,-0.0,0.0,0.0
東月隈１丁目,夫婦と子供から成る世帯,85,309,0,0,True,0.0,-0.0,0.0,0.0
東月隈１丁目,その他の核家族世帯,25,62,0,0,True,0.0,-0.0,0.0,0.0
東月隈１丁目,核家族以外の世帯,22,87,0,0,True,0.0,-0.0,0.0,0.0
東月隈１丁目,非親族を含む世帯,1,2,0,0,True,0.0,-0.0,0.0,0.0
東月隈１丁目,単独世帯,38,38,0,0,True,0.0,0.0,0.0,0.0
東月隈２丁目,夫婦のみの世帯,80,160,0,0,True,0.0,-0.0,0.0,0.0
東月隈２丁目,夫婦と子供から成る世帯,76,258,0,0,True,0.0,-0.0,0.0,0.0
東月隈２丁目,その他の核家族世帯,17,41,0,0,True,0.0,-0.0,0.0,0.0
東月隈２丁目,核家族以外の世帯,27,127,0,0,True,0.0,-0.0,0.0,0.0
東月隈２丁目,非親族を含む世帯,0,0,0,0,True,0.0,-0.0,0.0,0.0
東月隈２丁目,単独世帯,28,28,0,0,True,0.0,0.0,0.0,0.0
東月隈３丁目,夫婦のみの世帯,112,224,1,1,True,0.0,-0.0,0.12080890746581807,0.0
東月隈３丁目,夫婦と子供から成る世帯,119,431,1,1,True,0.0,-0.0,0.12080890746581807,0.0
東月隈３丁目,その他の核家族世帯,38,94,1,1,True,0.0,-0.0,0.12080890746581807,0.0
東月隈３丁目,核家族以外の世帯,35,153,1,1,True,0.0,-0.0,0.12080890746581807,0.0
東月隈３丁目,非親族を含む世帯,1,5,1,1,True,0.0,-0.0,0.12080890746581807,0.0
東月隈３丁目,単独世帯,99,99,1,1,True,1.0,0.12080890746581797,1.2416178149316361,0.0
東月隈４丁目,夫婦のみの世帯,155,310,0,0,True,0.0,-0.0,0.0,0.0
東月隈４丁目,夫婦と子供から成る世帯,169,654,0,0,True,0.0,-0.0,0.0,0.0
東月隈４丁目,その他の核家族世帯,166,397,0,0,True,0.0,-0.0,0.0,0.0
東月隈４丁目,核家族以外の世帯,43,146,0,0,True,0.0,-0.0,0.0,0.0
東月隈４丁目,非親族を含む世帯,7,18,0,0,True,0.0,-0.0,0.0,0.0
東月隈４丁目,単独世帯,262,262,0,0,True,0.0,0.0,0.0,0.0
東月隈５丁目,夫婦のみの世帯,94,188,6,6,True,0.0,-0.0,0.724853444794908,0.0
東月隈５丁目,夫婦と子供から成る世帯,101,352,6,6,True,0.0,-0.0,0.724853444794908,0.0
東月隈５丁目,その他の核家族世帯,31,69,6,6,True,0.0,-0.0,0.724853444794908,0.0
東月隈５丁目,核家族以外の世帯,55,247,6,6,True,0.0,-0.0,0.724853444794908,0.0
東月隈５丁目,非親族を含む世帯,3,12,6,6,True,0.0,-0.0,0.724853444794908,0.0
東月隈５丁目,単独世帯,84,84,6,6,True,6.0,0.7248534447949079,7.449706889589816,0.0
東比恵１丁目,夫婦のみの世帯,11,22,1,1,True,0.0,-0.0,0.12080890746581807,0.0
東比恵１丁目,夫婦と子供から成る世帯,5,16,1,1,True,0.0,-0.0,0.12080890746581807,0.0
東比恵１丁目,その他の核家族世帯,7,16,1,1,True,0.0,-0.0,0.12080890746581807,0.0
東比恵１丁目,核家族以外の世帯,2,8,1,1,True,0.0,-0.0,0.12080890746581807,0.0
東比恵１丁目,非親族を含む世帯,1,2,1,1,True,0.0,-0.0,0.12080890746581807,0.0
東比恵１丁目,単独世帯,124,124,1,1,True,1.0,0.12080890746581797,1.2416178149316361,0.0
東比恵２丁目,夫婦のみの世帯,54,108,9,11,False,0.6666666666666666,-0.4522135464147994,-64.97284543612741,-64.81265890950354
東比恵２丁目,夫婦と子供から成る世帯,40,140,9,11,False,0.49382716049382713,-0.41527590102537126,-65.10874729691083,-64.81265890950354
東比恵２丁目,その他の核家族世帯,29,67,9,11,False,0.3580246913580247,-0.2659854731571859,-65.09525933817845,-64.81265890950354
東比恵２丁目,核家族以外の世帯,10,32,9,11,False,0.12345679012345678,-0.08911213073600986,-65.15295389699185,-64.81265890950354
東比恵２丁目,非親族を含む世帯,4,8,9,11,False,0.04938271604938271,-0.035001647638232956,-65.17291748796814,-64.81265890950354
東比恵２丁目,単独世帯,592,592,9,11,False,7.3086419753086425,0.882949052095855,-56.99570752897481,-64.81265890950354
東比恵３丁目,夫婦のみの世帯,142,284,98,98,True,0.0,-0.0,745.7901331212645,733.9508601896143
東比恵３丁目,夫婦と子供から成る世帯,155,534,98,98,True,0.0,-0.0,745.7901331212645,733.9508601896143
東比恵３丁目,その他の核家族世帯,49,114,98,98,True,0.0,-0.0,745.7901331212645,733.9508601896143
東比恵３丁目,核家族以外の世帯,19,70,98,98,True,0.0,-0.0,745.7901331212645,733.9508601896143
東比恵３丁目,非親族を含む世帯,17,37,98,98,True,0.0,-0.0,745.7901331212645,733.9508601896143
東比恵３丁目,単独世帯,820,820,98,98,True,98.0,11.839272931650163,855.6294060529142,733.9508601896143
東比恵４丁目,夫婦のみの世帯,59,118,8,10,False,0.9458917835671342,-0.6416176169572704,-270.5721806377507,-269.13618190677397
東比恵４丁目,夫婦と子供から成る世帯,75,275,8,10,False,1.2024048096192386,-1.0111427249415355,-270.68519271968285,-269.13618190677397
東比恵４丁目,その他の核家族世帯,36,84,8,10,False,0.5771543086172345,-0.42878233140839145,-270.7280828271517,-269.13618190677397
東比恵４丁目,核家族以外の世帯,16,48,8,10,False,0.2565130260521042,-0.18515322073566137,-270.8050949990441,-269.13618190677397
東比恵４丁目,非親族を含む世帯,6,12,8,10,False,0.09619238476953908,-0.06817956213299085,-270.848441981724,-269.13618190677397
東比恵４丁目,単独世帯,307,307,8,10,False,4.921843687374749,0.5946025585892764,-265.36000855839654,-269.13618190677397
東那珂１丁目,夫婦のみの世帯,109,218,0,0,True,0.0,-0.0,0.0,0.0
東那珂１丁目,夫婦と子供から成る世帯,251,936,0,0,True,0.0,-0.0,0.0,0.0
東那珂１丁目,その他の核家族世帯,53,130,0,0,True,0.0,-0.0,0.0,0.0
東那珂１丁目,核家族以外の世帯,31,125,0,0,True,0.0,-0.0,0.0,0.0
東那珂１丁目,非親族を含む世帯,12,24,0,0,True,0.0,-0.0,0.0,0.0
東那珂１丁目,単独世帯,327,327,0,0,True,0.0,0.0,0.0,0.0
東那珂２丁目,夫婦のみの世帯,94,188,39,39,True,0.0,-0.0,530.5104009858051,525.7988535946381
東那珂２丁目,夫婦と子供から成る世帯,181,667,39,39,True,0.0,-0.0,530.5104009858051,525.7988535946381
東那珂２丁目,その他の核家族世帯,46,115,39,39,True,0.0,-0.0,530.5104009858051,525.7988535946381
東那珂２丁目,核家族以外の世帯,30,104,39,39,True,0.0,-0.0,530.5104009858051,525.7988535946381
東那珂２丁目,非親族を含む世帯,9,20,39,39,True,0.0,-0.0,530.5104009858051,525.7988535946381
東那珂２丁目,単独世帯,292,292,39,39,True,39.0,4.711547391166901,574.2219483769727,525.7988535946381
東那珂３丁目,夫婦のみの世帯,85,170,23,23,True,0.0,-0.0,422.1864773486412,419.4078724769273
東那珂３丁目,夫婦と子供から成る世帯,190,715,23,23,True,0.0,-0.0,422.1864773486412,419.4078724769273
東那珂３丁目,その他の核家族世帯,60,146,23,23,True,0.0,-0.0,422.1864773486412,419.4078724769273
東那珂３丁目,核家族以外の世帯,43,173,23,23,True,0.0,-0.0,422.1864773486412,419.4078724769273
東那珂３丁目,非親族を含む世帯,8,21,23,23,True,0.0,-0.0,422.1864773486412,419.4078724769273
東那珂３丁目,単独世帯,177,177,23,23,True,23.0,2.778604871713813,447.96508222035493,419.4078724769273
東雲町１丁目,夫婦のみの世帯,8,16,0,0,True,0.0,-0.0,0.0,0.0
東雲町１丁目,夫婦と子供から成る世帯,3,12,0,0,True,0.0,-0.0,0.0,0.0
東雲町１丁目,その他の核家族世帯,2,4,0,0,True,0.0,-0.0,0.0,0.0
東雲町１丁目,核家族以外の世帯,1,3,0,0,True,0.0,-0.0,0.0,0.0
東雲町１丁目,非親族を含む世帯,1,2,0,0,True,0.0,-0.0,0.0,0.0
東雲町１丁目,単独世帯,101,101,0,0,True,0.0,0.0,0.0,0.0
東雲町２丁目,夫婦のみの世帯,33,66,0,0,True,0.0,-0.0,0.0,0.0
東雲町２丁目,夫婦と子供から成る世帯,65,226,0,0,True,0.0,-0.0,0.0,0.0
東雲町２丁目,その他の核家族世帯,26,63,0,0,True,0.0,-0.0,0.0,0.0
東雲町２丁目,核家族以外の世帯,6,21,0,0,True,0.0,-0.0,0.0,0.0
東雲町２丁目,非親族を含む世帯,4,8,0,0,True,0.0,-0.0,0.0,0.0
東雲町２丁目,単独世帯,132,132,0,0,True,0.0,0.0,0.0,0.0
東雲町３丁目,夫婦のみの世帯,26,52,0,0,True,0.0,-0.0,0.0,0.0
東雲町３丁目,夫婦と子供から成る世帯,39,136,0,0,True,0.0,-0.0,0.0,0.0
東雲町３丁目,その他の核家族世帯,10,25,0,0,True,0.0,-0.0,0.0,0.0
東雲町３丁目,核家族以外の世帯,10,33,0,0,True,0.0,-0.0,0.0,0.0
東雲町３丁目,非親族を含む世帯,0,0,0,0,True,0.0,-0.0,0.0,0.0
東雲町３丁目,単独世帯,81,81,0,0,True,0.0,0.0,0.0,0.0
東雲町４丁目,夫婦のみの世帯,13,26,0,0,True,0.0,-0.0,0.0,0.0
東雲町４丁目,夫婦と子供から成る世帯,17,59,0,0,True,0.0,-0.0,0.0,0.0
東雲町４丁目,その他の核家族世帯,6,16,0,0,True,0.0,-0.0,0.0,0.0
東雲町４丁目,核家族以外の世帯,5,17,0,0,True,0.0,-0.0,0.0,0.0
東雲町４丁目,非親族を含む世帯,0,0,0,0,True,0.0,-0.0,0.0,0.0
東雲町４丁目,単独世帯,99,99,0,0,True,0.0,0.0,0.0,0.0
板付１丁目,夫婦のみの世帯,33,66,0,0,True,0.0,-0.0,0.0,0.0
板付１丁目,夫婦と子供から成る世帯,56,194,0,0,True,0.0,-0.0,0.0,0.0
板付１丁目,その他の核家族世帯,11,25,0,0,True,0.0,-0.0,0.0,0.0
板付１丁目,核家族以外の世帯,9,32,0,0,True,0.0,-0.0,0.0,0.0
板付１丁目,非親族を含む世帯,3,9,0,0,True,0.0,-0.0,0.0,0.0
板付１丁目,単独世帯,84,84,0,0,True,0.0,0.0,0.0,0.0
板付２丁目,夫婦のみの世帯,64,128,0,0,True,0.0,-0.0,0.0,0.0
板付２丁目,夫婦と子供から成る世帯,129,479,0,0,True,0.0,-0.0,0.0,0.0
板付２丁目,その他の核家族世帯,31,77,0,0,True,0.0,-0.0,0.0,0.0
板付２丁目,核家族以外の世帯,32,133,0,0,True,0.0,-0.0,0.0,0.0
板付２丁目,非親族を含む世帯,4,9,0,0,True,0.0,-0.0,0.0,0.0
板付２丁目,単独世帯,112,112,0,0,True,0.0,0.0,0.0,0.0
板付３丁目,夫婦のみの世帯,301,602,1,1,True,0.0,-0.0,0.12080890746581807,0.0
板付３丁目,夫婦と子供から成る世帯,357,1327,1,1,True,0.0,-0.0,0.12080890746581807,0.0
板付３丁目,その他の核家族世帯,285,667,1,1,True,0.0,-0.0,0.12080890746581807,0.0
板付３丁目,核家族以外の世帯,76,285,1,1,True,0.0,-0.0,0.12080890746581807,0.0
板付３丁目,非親族を含む世帯,7,19,1,1,True,0.0,-0.0,0.12080890746581807,0.0
板付３丁目,単独世帯,558,558,1,1,True,1.0,0.12080890746581797,1.2416178149316361,0.0
板付４丁目,夫婦のみの世帯,116,232,2,2,True,0.0,-0.0,0.24161781493163614,0.0
板付４丁目,夫婦と子供から成る世帯,164,600,2,2,True,0.0,-0.0,0.24161781493163614,0.0
板付４丁目,その他の核家族世帯,83,196,2,2,True,0.0,-0.0,0.24161781493163614,0.0
板付４丁目,核家族以外の世帯,22,79,2,2,True,0.0,-0.0,0.24161781493163614,0.0
板付４丁目,非親族を含む世帯,6,16,2,2,True,0.0,-0.0,0.24161781493163614,0.0
板付４丁目,単独世帯,317,317,2,2,True,2.0,0.24161781493163595,2.4832356298632723,0.0
板付５丁目,夫婦のみの世帯,79,158,0,0,True,0.0,-0.0,0.0,0.0
板付５丁目,夫婦と子供から成る世帯,182,660,0,0,True,0.0,-0.0,0.0,0.0
板付５丁目,その他の核家族世帯,54,130,0,0,True,0.0,-0.0,0.0,0.0
板付５丁目,核家族以外の世帯,29,130,0,0,True,0.0,-0.0,0.0,0.0
板付５丁目,非親族を含む世帯,5,16,0,0,True,0.0,-0.0,0.0,0.0
板付５丁目,単独世帯,286,286,0,0,True,0.0,0.0,0.0,0.0
板付６丁目,夫婦のみの世帯,47,94,0,0,True,0.0,-0.0,0.0,0.0
板付６丁目,夫婦と子供から成る世帯,87,315,0,0,True,0.0,-0.0,0.0,0.0
板付６丁目,その他の核家族世帯,21,53,0,0,True,0.0,-0.0,0.0,0.0
板付６丁目,核家族以外の世帯,11,45,0,0,True,0.0,-0.0,0.0,0.0
板付６丁目,非親族を含む世帯,3,6,0,0,True,0.0,-0.0,0.0,0.0
板付６丁目,単独世帯,106,106,0,0,True,0.0,0.0,0.0,0.0
板付７丁目,夫婦のみの世帯,161,322,1,1,True,0.0,-0.0,0.12080890746581807,0.0
板付７丁目,夫婦と子供から成る世帯,306,1148,1,1,True,0.0,-0.0,0.12080890746581807,0.0
板付７丁目,その他の核家族世帯,118,284,1,1,True,0.0,-0.0,0.12080890746581807,0.0
板付７丁目,核家族以外の世帯,34,116,1,1,True,0.0,-0.0,0.12080890746581807,0.0
板付７丁目,非親族を含む世帯,13,27,1,1,True,0.0,-0.0,0.12080890746581807,0.0
板付７丁目,単独世帯,360,360,1,1,True,1.0,0.12080890746581797,1.2416178149316361,0.0
榎田１丁目,夫婦のみの世帯,51,102,0,0,True,0.0,-0.0,0.0,0.0
榎田１丁目,夫婦と子供から成る世帯,76,280,0,0,True,0.0,-0.0,0.0,0.0
榎田１丁目,その他の核家族世帯,7,15,0,0,True,0.0,-0.0,0.0,0.0
榎田１丁目,核家族以外の世帯,19,44,0,0,True,0.0,-0.0,0.0,0.0
榎田１丁目,非親族を含む世帯,10,20,0,0,True,0.0,-0.0,0.0,0.0
榎田１丁目,単独世帯,407,407,0,0,True,0.0,0.0,0.0,0.0
榎田２丁目,夫婦のみの世帯,4,8,0,0,True,0.0,-0.0,0.0,0.0
榎田２丁目,夫婦と子供から成る世帯,3,11,0,0,True,0.0,-0.0,0.0,0.0
榎田２丁目,その他の核家族世帯,0,0,0,0,True,0.0,-0.0,0.0,0.0
榎田２丁目,核家族以外の世帯,0,0,0,0,True,0.0,-0.0,0.0,0.0
榎田２丁目,非親族を含む世帯,0,0,0,0,True,0.0,-0.0,0.0,0.0
榎田２丁目,単独世帯,23,23,0,0,True,0.0,0.0,0.0,0.0
比恵町,夫婦のみの世帯,228,456,8,8,True,0.0,-0.0,223.08645586962882,222.11998460990233
比恵町,夫婦と子供から成る世帯,178,609,8,8,True,0.0,-0.0,223.08645586962882,222.11998460990233
比恵町,その他の核家族世帯,81,182,8,8,True,0.0,-0.0,223.08645586962882,222.11998460990233
比恵町,核家族以外の世帯,56,144,8,8,True,0.0,-0.0,223.08645586962882,222.11998460990233
比恵町,非親族を含む世帯,40,82,8,8,True,0.0,-0.0,223.08645586962882,222.11998460990233
比恵町,単独世帯,1986,1986,8,8,True,8.0,0.9664712597265438,232.05292712935534,222.11998460990233
浦田１丁目,夫婦のみの世帯,118,236,5,7,False,0.9021406727828746,-0.6119403495062652,-359.295168423335,-356.8896564502159
浦田１丁目,夫婦と子供から成る世帯,231,840,5,7,False,1.7660550458715596,-1.4851352033802985,-359.3044489041203,-356.8896564502159
浦田１丁目,その他の核家族世帯,71,188,5,7,False,0.5428134556574924,-0.4032696552058884,-359.44582494616,-356.8896564502159
浦田１丁目,核家族以外の世帯,56,241,5,7,False,0.4281345565749235,-0.3090310588826764,-359.46626524891934,-356.8896564502159
浦田１丁目,非親族を含む世帯,8,20,5,7,False,0.06116207951070336,-0.043350664506068344,-359.56755733160696,-356.8896564502159
浦田１丁目,単独世帯,170,170,5,7,False,1.2996941896024463,0.15701463508554322,-358.1286599219236,-356.8896564502159
浦田２丁目,夫婦のみの世帯,74,148,10,10,True,0.0,-0.0,261.08305807019315,259.87496899553497
浦田２丁目,夫婦と子供から成る世帯,187,685,10,10,True,0.0,-0.0,261.08305807019315,259.87496899553497
浦田２丁目,その他の核家族世帯,23,62,10,10,True,0.0,-0.0,261.08305807019315,259.87496899553497
浦田２丁目,核家族以外の世帯,28,109,10,10,True,0.0,-0.0,261.08305807019315,259.87496899553497
浦田２丁目,非親族を含む世帯,2,7,10,10,True,0.0,-0.0,261.08305807019315,259.87496899553497
浦田２丁目,単独世帯,112,112,10,10,True,10.0,1.2080890746581798,272.29114714485127,259.87496899553497
相生町１丁目,夫婦のみの世帯,46,92,0,0,True,0.0,-0.0,0.0,0.0
相生町１丁目,夫婦と子供から成る世帯,89,321,0,0,True,0.0,-0.0,0.0,0.0
相生町１丁目,その他の核家族世帯,25,60,0,0,True,0.0,-0.0,0.0,0.0
相生町１丁目,核家族以外の世帯,4,16,0,0,True,0.0,-0.0,0.0,0.0
相生町１丁目,非親族を含む世帯,1,2,0,0,True,0.0,-0.0,0.0,0.0
相生町１丁目,単独世帯,33,33,0,0,True,0.0,0.0,0.0,0.0
相生町２丁目,夫婦のみの世帯,39,78,0,0,True,0.0,-0.0,0.0,0.0
相生町２丁目,夫婦と子供から成る世帯,51,182,0,0,True,0.0,-0.0,0.0,0.0
相生町２丁目,その他の核家族世帯,13,28,0,0,True,0.0,-0.0,0.0,0.0
相生町２丁目,核家族以外の世帯,10,40,0,0,True,0.0,-0.0,0.0,0.0
相生町２丁目,非親族を含む世帯,3,6,0,0,True,0.0,-0.0,0.0,0.0
相生町２丁目,単独世帯,224,224,0,0,True,0.0,0.0,0.0,0.0
相生町３丁目,夫婦のみの世帯,59,118,0,0,True,0.0,-0.0,0.0,0.0
相生町３丁目,夫婦と子供から成る世帯,87,308,0,0,True,0.0,-0.0,0.0,0.0
相生町３丁目,その他の核家族世帯,47,116,0,0,True,0.0,-0.0,0.0,0.0
相生町３丁目,核家族以外の世帯,16,49,0,0,True,0.0,-0.0,0.0,0.0
相生町３丁目,非親族を含む世帯,8,21,0,0,True,0.0,-0.0,0.0,0.0
相生町３丁目,単独世帯,201,201,0,0,True,0.0,0.0,0.0,0.0
石城町,夫婦のみの世帯,46,92,147,148,False,7.170731707317073,-4.864053023632354,-276.5012287543119,-276.99806039450095
石城町,夫婦と子供から成る世帯,47,172,147,148,False,7.32661717921527,-6.161199289897335,-277.64248954867867,-276.99806039450095
石城町,その他の核家族世帯,32,70,147,148,False,4.9883351007423125,-3.7059585667255495,-277.52553090397987,-276.99806039450095
石城町,核家族以外の世帯,13,38,147,148,False,2.0265111346765643,-1.4627524738873494,-278.2441487772074,-276.99806039450095
石城町,非親族を含む世帯,6,13,147,148,False,0.9353128313891835,-0.6629341756549946,-278.5355287822624,-276.99806039450095
石城町,単独世帯,799,799,147,148,False,124.5524920466596,15.047050486301929,-139.20836490503513,-276.99806039450095
祇園町,夫婦のみの世帯,52,104,0,0,True,0.0,-0.0,0.0,0.0
祇園町,夫婦と子供から成る世帯,44,149,0,0,True,0.0,-0.0,0.0,0.0
祇園町,その他の核家族世帯,50,115,0,0,True,0.0,-0.0,0.0,0.0
祇園町,核家族以外の世帯,17,55,0,0,True,0.0,-0.0,0.0,0.0
祇園町,非親族を含む世帯,26,59,0,0,True,0.0,-0.0,0.0,0.0
祇園町,単独世帯,672,672,0,0,True,0.0,0.0,0.0,0.0
神屋町,夫婦のみの世帯,76,152,9,10,False,0.4769874476987448,-0.32355027797878955,-32.6503424421688,-32.615252142854914
神屋町,夫婦と子供から成る世帯,67,237,9,10,False,0.42050209205020916,-0.35361437994738854,-32.73689189978594,-32.615252142854914
神屋町,その他の核家族世帯,42,102,9,10,False,0.26359832635983266,-0.19583377139245703,-32.73601505692138,-32.615252142854914
神屋町,核家族以外の世帯,27,91,9,10,False,0.1694560669456067,-0.12231478865250225,-32.75663833359565,-32.615252142854914
神屋町,非親族を含む世帯,23,48,9,10,False,0.14435146443514646,-0.10231391665799375,-32.7617420641116,-32.615252142854914
神屋町,単独世帯,1199,1199,9,10,False,7.525104602510461,0.9090996655952872,-24.36957534378301,-32.615252142854914
空港前１丁目,夫婦のみの世帯,1,2,0,0,True,0.0,-0.0,0.0,0.0
空港前１丁目,夫婦と子供から成る世帯,1,4,0,0,True,0.0,-0.0,0.0,0.0
空港前１丁目,その他の核家族世帯,0,0,0,0,True,0.0,-0.0,0.0,0.0
空港前１丁目,核家族以外の世帯,1,7,0,0,True,0.0,-0.0,0.0,0.0
空港前１丁目,非親族を含む世帯,0,0,0,0,True,0.0,-0.0,0.0,0.0
空港前１丁目,単独世帯,15,15,0,0,True,0.0,0.0,0.0,0.0
空港前２丁目,夫婦のみの世帯,49,98,0,0,True,0.0,-0.0,0.0,0.0
空港前２丁目,夫婦と子供から成る世帯,84,297,0,0,True,0.0,-0.0,0.0,0.0
空港前２丁目,その他の核家族世帯,24,56,0,0,True,0.0,-0.0,0.0,0.0
空港前２丁目,核家族以外の世帯,30,120,0,0,True,0.0,-0.0,0.0,0.0
空港前２丁目,非親族を含む世帯,4,8,0,0,True,0.0,-0.0,0.0,0.0
空港前２丁目,単独世帯,271,271,0,0,True,0.0,0.0,0.0,0.0
空港前３丁目,夫婦のみの世帯,46,92,0,0,True,0.0,-0.0,0.0,0.0
空港前３丁目,夫婦と子供から成る世帯,74,261,0,0,True,0.0,-0.0,0.0,0.0
空港前３丁目,その他の核家族世帯,29,73,0,0,True,0.0,-0.0,0.0,0.0
空港前３丁目,核家族以外の世帯,37,163,0,0,True,0.0,-0.0,0.0,0.0
空港前３丁目,非親族を含む世帯,8,17,0,0,True,0.0,-0.0,0.0,0.0
空港前３丁目,単独世帯,384,384,0,0,True,0.0,0.0,0.0,0.0
空港前４丁目,夫婦のみの世帯,7,14,31,35,False,2.3085106382978724,-1.5659096740214598,-659.2857890968946,-650.612993729912
空港前４丁目,夫婦と子供から成る世帯,19,63,31,35,False,6.26595744680851,-5.269254777132829,-659.0316873914953,-650.612993729912
空港前４丁目,その他の核家族世帯,2,6,31,35,False,0.6595744680851063,-0.49001432362266595,-659.8588299167084,-650.612993729912
空港前４丁目,核家族以外の世帯,16,75,31,35,False,5.276595744680851,-3.8086903877126943,-658.5604847042027,-650.612993729912
空港前４丁目,非親族を含む世帯,1,5,31,35,False,0.32978723404255317,-0.23374770537128448,-659.9323505324996,-650.612993729912
空港前４丁目,単独世帯,49,49,31,35,False,16.159574468085108,1.9522205366018888,-641.9165950564841,-650.612993729912
空港前５丁目,夫婦のみの世帯,29,58,1,1,True,0.0,-0.0,0.12080890746581807,0.0
空港前５丁目,夫婦と子供から成る世帯,44,168,1,1,True,0.0,-0.0,0.12080890746581807,0.0
空港前５丁目,その他の核家族世帯,13,31,1,1,True,0.0,-0.0,0.12080890746581807,0.0
空港前５丁目,核家族以外の世帯,16,69,1,1,True,0.0,-0.0,0.12080890746581807,0.0
空港前５丁目,非親族を含む世帯,1,2,1,1,True,0.0,-0.0,0.12080890746581807,0.0
空港前５丁目,単独世帯,34,34,1,1,True,1.0,0.12080890746581797,1.2416178149316361,0.0
立花寺,夫婦のみの世帯,36,72,6,11,False,1.0485436893203883,-0.7112484904776456,-307.53258918015155,-305.77283825405533
立花寺,夫婦と子供から成る世帯,47,168,6,11,False,1.3689320388349515,-1.1511810838861083,-307.6521334240455,-305.77283825405533
立花寺,その他の核家族世帯,9,27,6,11,False,0.2621359223300971,-0.19474731496309525,-307.8024957716273,-305.77283825405533
立花寺,核家族以外の世帯,16,71,6,11,False,0.4660194174757281,-0.3363766643704916,-307.7402416258891,-305.77283825405533
立花寺,非親族を含む世帯,2,4,6,11,False,0.058252427184466014,-0.04128835134024567,-307.85292030315014,-305.77283825405533
立花寺,単独世帯,96,96,6,11,False,2.796116504854369,0.33779578009859784,-304.73597209404136,-305.77283825405533
竹下１丁目,夫婦のみの世帯,54,108,5,5,True,0.0,-0.0,0.6040445373290897,0.0
竹下１丁目,夫婦と子供から成る世帯,76,274,5,5,True,0.0,-0.0,0.6040445373290897,0.0
竹下１丁目,その他の核家族世帯,19,45,5,5,True,0.0,-0.0,0.6040445373290897,0.0
竹下１丁目,核家族以外の世帯,7,23,5,5,True,0.0,-0.0,0.6040445373290897,0.0
竹下１丁目,非親族を含む世帯,5,11,5,5,True,0.0,-0.0,0.6040445373290897,0.0
竹下１丁目,単独世帯,362,362,5,5,True,5.0,0.6040445373290899,6.208089074658179,0.0
竹下２丁目,夫婦のみの世帯,37,74,94,95,False,7.66079295154185,-5.196471523449358,-368.499176100421,-368.1166633803124
竹下２丁目,夫婦と子供から成る世帯,23,85,94,95,False,4.762114537444933,-4.004622595780014,-370.2060055868486,-368.1166633803124
竹下２丁目,その他の核家族世帯,7,15,94,95,False,1.449339207048458,-1.0767502467212284,-370.59090856818625,-368.1166633803124
竹下２丁目,核家族以外の世帯,6,18,94,95,False,1.2422907488986785,-0.8966957225867567,-370.61790250220156,-368.1166633803124
竹下２丁目,非親族を含む世帯,7,14,94,95,False,1.449339207048458,-1.0272675197260686,-370.5414258411911,-368.1166633803124
竹下２丁目,単独世帯,374,374,94,95,False,77.43612334801762,9.354973460062327,-284.172400720434,-368.1166633803124
竹下３丁目,夫婦のみの世帯,0,0,0,0,True,0.0,-0.0,0.0,0.0
竹下３丁目,夫婦と子供から成る世帯,0,0,0,0,True,0.0,-0.0,0.0,0.0
竹下３丁目,その他の核家族世帯,0,0,0,0,True,0.0,-0.0,0.0,0.0
竹下３丁目,核家族以外の世帯,0,0,0,0,True,0.0,-0.0,0.0,0.0
竹下３丁目,非親族を含む世帯,0,0,0,0,True,0.0,-0.0,0.0,0.0
竹下３丁目,単独世帯,0,0,0,0,True,0.0,0.0,0.0,0.0
竹下４丁目,夫婦のみの世帯,71,142,2,2,True,0.0,-0.0,0.24161781493163614,0.0
竹下４丁目,夫婦と子供から成る世帯,59,202,2,2,True,0.0,-0.0,0.24161781493163614,0.0
竹下４丁目,その他の核家族世帯,48,112,2,2,True,0.0,-0.0,0.24161781493163614,0.0
竹下４丁目,核家族以外の世帯,14,48,2,2,True,0.0,-0.0,0.24161781493163614,0.0
竹下４丁目,非親族を含む世帯,10,21,2,2,True,0.0,-0.0,0.24161781493163614,0.0
竹下４丁目,単独世帯,496,496,2,2,True,2.0,0.24161781493163595,2.4832356298632723,0.0
竹下５丁目,夫婦のみの世帯,90,180,2,2,True,0.0,-0.0,0.24161781493163614,0.0
竹下５丁目,夫婦と子供から成る世帯,155,556,2,2,True,0.0,-0.0,0.24161781493163614,0.0
竹下５丁目,その他の核家族世帯,33,81,2,2,True,0.0,-0.0,0.24161781493163614,0.0
竹下５丁目,核家族以外の世帯,23,78,2,2,True,0.0,-0.0,0.24161781493163614,0.0
竹下５丁目,非親族を含む世帯,5,11,2,2,True,0.0,-0.0,0.24161781493163614,0.0
竹下５丁目,単独世帯,410,410,2,2,True,2.0,0.24161781493163595,2.4832356298632723,0.0
竹丘町１丁目,夫婦のみの世帯,30,60,0,0,True,0.0,-0.0,0.0,0.0
竹丘町１丁目,夫婦と子供から成る世帯,31,112,0,0,True,0.0,-0.0,0.0,0.0
竹丘町１丁目,その他の核家族世帯,11,27,0,0,True,0.0,-0.0,0.0,0.0
竹丘町１丁目,核家族以外の世帯,11,38,0,0,True,0.0,-0.0,0.0,0.0
竹丘町１丁目,非親族を含む世帯,2,4,0,0,True,0.0,-0.0,0.0,0.0
竹丘町１丁目,単独世帯,97,97,0,0,True,0.0,0.0,0.0,0.0
竹丘町２丁目,夫婦のみの世帯,25,50,4,6,False,0.31746031746031744,-0.2153397840070473,-109.75293057820848,-109.22370024320392
竹丘町２丁目,夫婦と子供から成る世帯,42,158,4,6,False,0.5333333333333333,-0.44849797310740097,-109.77021575143581,-109.22370024320392
竹丘町２丁目,その他の核家族世帯,22,50,4,6,False,0.27936507936507937,-0.20754728545861204,-109.78323331775529,-109.22370024320392
竹丘町２丁目,核家族以外の世帯,8,27,4,6,False,0.10158730158730159,-0.07332655329134527,-109.82679036336579,-109.22370024320392
竹丘町２丁目,非親族を含む世帯,2,5,4,6,False,0.025396825396825397,-0.018000847356805523,-109.84765513362173,-109.22370024320392
竹丘町２丁目,単独世帯,216,216,4,6,False,2.742857142857143,0.33136157476338646,-106.7808323940412,-109.22370024320392
竹丘町３丁目,夫婦のみの世帯,21,42,0,0,True,0.0,-0.0,0.0,0.0
竹丘町３丁目,夫婦と子供から成る世帯,5,17,0,0,True,0.0,-0.0,0.0,0.0
竹丘町３丁目,その他の核家族世帯,8,16,0,0,True,0.0,-0.0,0.0,0.0
竹丘町３丁目,核家族以外の世帯,4,10,0,0,True,0.0,-0.0,0.0,0.0
竹丘町３丁目,非親族を含む世帯,1,2,0,0,True,0.0,-0.0,0.0,0.0
竹丘町３丁目,単独世帯,75,75,0,0,True,0.0,0.0,0.0,0.0
築港本町,夫婦のみの世帯,85,170,1,1,True,0.0,-0.0,0.12080890746581807,0.0
築港本町,夫婦と子供から成る世帯,70,242,1,1,True,0.0,-0.0,0.12080890746581807,0.0
築港本町,その他の核家族世帯,43,104,1,1,True,0.0,-0.0,0.12080890746581807,0.0
築港本町,核家族以外の世帯,19,68,1,1,True,0.0,-0.0,0.12080890746581807,0.0
築港本町,非親族を含む世帯,35,71,1,1,True,0.0,-0.0,0.12080890746581807,0.0
築港本町,単独世帯,1146,1146,1,1,True,1.0,0.12080890746581797,1.2416178149316361,0.0
綱場町,夫婦のみの世帯,20,40,2,2,True,0.0,-0.0,0.24161781493163614,0.0
綱場町,夫婦と子供から成る世帯,13,45,2,2,True,0.0,-0.0,0.24161781493163614,0.0
綱場町,その他の核家族世帯,13,27,2,2,True,0.0,-0.0,0.24161781493163614,0.0
綱場町,核家族以外の世帯,11,30,2,2,True,0.0,-0.0,0.24161781493163614,0.0
綱場町,非親族を含む世帯,7,14,2,2,True,0.0,-0.0,0.24161781493163614,0.0
綱場町,単独世帯,410,410,2,2,True,2.0,0.24161781493163595,2.4832356298632723,0.0
美野島１丁目,夫婦のみの世帯,83,166,28,29,False,1.414485696895922,-0.9594743900194709,-224.04051481594922,-223.1395231767304
美野島１丁目,夫婦と子供から成る世帯,105,370,28,29,False,1.7894096165550821,-1.504774848907211,-224.2108913551778,-223.1395231767304
美野島１丁目,その他の核家族世帯,67,149,28,29,False,1.1418137553256238,-0.8482819182545246,-224.20199428575455,-223.1395231767304
美野島１丁目,核家族以外の世帯,47,149,28,29,False,0.800973828362751,-0.5781495245243887,-224.2727018189873,-223.1395231767304
美野島１丁目,非親族を含む世帯,16,33,28,29,False,0.2726719415702982,-0.1932653361984476,-224.4161195174538,-223.1395231767304
美野島１丁目,単独世帯,1325,1325,28,29,False,22.58064516129032,2.727943071808793,-199.18693788972644,-223.1395231767304
美野島２丁目,夫婦のみの世帯,135,270,9,15,False,0.49210206561360875,-0.3338028304337675,-89.5437638718306,-89.1865340086943
美野島２丁目,夫婦と子供から成る世帯,163,575,9,15,False,0.5941676792223572,-0.49965562465716684,-89.60755105244526,-89.1865340086943
美野島２丁目,その他の核家族世帯,99,224,9,15,False,0.3608748481166464,-0.26810292570253574,-89.60929118459633,-89.1865340086943
美野島２丁目,核家族以外の世帯,60,205,9,15,False,0.2187120291616039,-0.15786814898311347,-89.64121922683195,-89.1865340086943
美野島２丁目,非親族を含む世帯,47,100,9,15,False,0.17132442284325639,-0.12143190087371163,-89.65217058504089,-89.1865340086943
美野島２丁目,単独世帯,1965,1965,9,15,False,7.162818955042527,0.8653323323341398,-81.67391181963383,-89.1865340086943
美野島３丁目,夫婦のみの世帯,187,374,166,166,True,0.0,-0.0,806.932111610713,786.8778329713873
美野島３丁目,夫婦と子供から成る世帯,247,893,166,166,True,0.0,-0.0,806.932111610713,786.8778329713873
美野島３丁目,その他の核家族世帯,103,246,166,166,True,0.0,-0.0,806.932111610713,786.8778329713873
美野島３丁目,核家族以外の世帯,51,168,166,166,True,0.0,-0.0,806.932111610713,786.8778329713873
美野島３丁目,非親族を含む世帯,42,92,166,166,True,0.0,-0.0,806.932111610713,786.8778329713873
美野島３丁目,単独世帯,1492,1492,166,166,True,166.0,20.054278639325783,992.9863902500385,786.8778329713873
美野島４丁目,夫婦のみの世帯,208,416,0,0,True,0.0,-0.0,0.0,0.0
美野島４丁目,夫婦と子供から成る世帯,325,1197,0,0,True,0.0,-0.0,0.0,0.0
美野島４丁目,その他の核家族世帯,69,169,0,0,True,0.0,-0.0,0.0,0.0
美野島４丁目,核家族以外の世帯,28,112,0,0,True,0.0,-0.0,0.0,0.0
美野島４丁目,非親族を含む世帯,9,21,0,0,True,0.0,-0.0,0.0,0.0
美野島４丁目,単独世帯,218,218,0,0,True,0.0,0.0,0.0,0.0
西春町１丁目,夫婦のみの世帯,35,70,19,19,True,0.0,-0.0,385.41803684348605,383.1226676016355
西春町１丁目,夫婦と子供から成る世帯,57,217,19,19,True,0.0,-0.0,385.41803684348605,383.1226676016355
西春町１丁目,その他の核家族世帯,37,85,19,19,True,0.0,-0.0,385.41803684348605,383.1226676016355
西春町１丁目,核家族以外の世帯,19,66,19,19,True,0.0,-0.0,385.41803684348605,383.1226676016355
西春町１丁目,非親族を含む世帯,0,0,19,19,True,0.0,-0.0,385.41803684348605,383.1226676016355
西春町１丁目,単独世帯,193,193,19,19,True,19.0,2.295369241850542,406.7134060853366,383.1226676016355
西春町２丁目,夫婦のみの世帯,10,20,40,40,True,0.0,-0.0,535.5843750993688,530.7520188007361
西春町２丁目,夫婦と子供から成る世帯,9,31,40,40,True,0.0,-0.0,535.5843750993688,530.7520188007361
西春町２丁目,その他の核家族世帯,3,7,40,40,True,0.0,-0.0,535.5843750993688,530.7520188007361
西春町２丁目,核家族以外の世帯,4,16,40,40,True,0.0,-0.0,535.5843750993688,530.7520188007361
西春町２丁目,非親族を含む世帯,1,2,40,40,True,0.0,-0.0,535.5843750993688,530.7520188007361
西春町２丁目,単独世帯,80,80,40,40,True,40.0,4.832356298632719,580.4167313980017,530.7520188007361
西春町３丁目,夫婦のみの世帯,37,74,0,0,True,0.0,-0.0,0.0,0.0
西春町３丁目,夫婦と子供から成る世帯,50,170,0,0,True,0.0,-0.0,0.0,0.0
西春町３丁目,その他の核家族世帯,17,35,0,0,True,0.0,-0.0,0.0,0.0
西春町３丁目,核家族以外の世帯,9,33,0,0,True,0.0,-0.0,0.0,0.0
西春町３丁目,非親族を含む世帯,1,2,0,0,True,0.0,-0.0,0.0,0.0
西春町３丁目,単独世帯,124,124,0,0,True,0.0,0.0,0.0,0.0
西春町４丁目,夫婦のみの世帯,15,30,0,0,True,0.0,-0.0,0.0,0.0
西春町４丁目,夫婦と子供から成る世帯,29,103,0,0,True,0.0,-0.0,0.0,0.0
西春町４丁目,その他の核家族世帯,18,40,0,0,True,0.0,-0.0,0.0,0.0
西春町４丁目,核家族以外の世帯,6,20,0,0,True,0.0,-0.0,0.0,0.0
西春町４丁目,非親族を含む世帯,3,9,0,0,True,0.0,-0.0,0.0,0.0
西春町４丁目,単独世帯,39,39,0,0,True,0.0,0.0,0.0,0.0
西月隈１丁目,夫婦のみの世帯,20,40,27,29,False,3.033707865168539,-2.057825688741503,-480.0805431091063,-476.6805226962625
西月隈１丁目,夫婦と子供から成る世帯,18,62,27,29,False,2.730337078651685,-2.2960324606411184,-480.6221206675228,-476.6805226962625
西月隈１丁目,その他の核家族世帯,11,30,27,29,False,1.6685393258426966,-1.2395994823212748,-480.62748544201196,-476.6805226962625
西月隈１丁目,核家族以外の世帯,7,28,27,29,False,1.0617977528089888,-0.7664143873244804,-480.76104192004885,-476.6805226962625
西月隈１丁目,非親族を含む世帯,2,6,27,29,False,0.3033707865168539,-0.21502416681127942,-480.9680786658278,-476.6805226962625
西月隈１丁目,単独世帯,120,120,27,29,False,18.202247191011235,2.1989935965688217,-460.65518449795337,-476.6805226962625
西月隈３丁目,夫婦のみの世帯,76,152,2,9,False,0.321353065539112,-0.21798031412806398,-143.36218016413034,-142.641038243613
西月隈３丁目,夫婦と子供から成る世帯,151,533,2,9,False,0.638477801268499,-0.5369174995181095,-143.363992613791,-142.641038243613
西月隈３丁目,その他の核家族世帯,36,83,2,9,False,0.1522198731501057,-0.11308794047187491,-143.42642098286316,-142.641038243613
西月隈３丁目,核家族以外の世帯,12,50,2,9,False,0.0507399577167019,-0.036624520539281856,-143.45143747836397,-142.641038243613
西月隈３丁目,非親族を含む世帯,6,17,2,9,False,0.02536997885835095,-0.017981818976935748,-143.45816475566,-142.641038243613
西月隈３丁目,単独世帯,192,192,2,9,False,0.8118393234672304,0.09807742170586492,-142.5556361703683,-142.641038243613
西月隈４丁目,夫婦のみの世帯,0,0,13,13,True,0.0,-0.0,310.67583825119306,309.1053224541374
西月隈４丁目,夫婦と子供から成る世帯,0,0,13,13,True,0.0,-0.0,310.67583825119306,309.1053224541374
西月隈４丁目,その他の核家族世帯,0,0,13,13,True,0.0,-0.0,310.67583825119306,309.1053224541374
西月隈４丁目,核家族以外の世帯,0,0,13,13,True,0.0,-0.0,310.67583825119306,309.1053224541374
西月隈４丁目,非親族を含む世帯,0,0,13,13,True,0.0,-0.0,310.67583825119306,309.1053224541374
西月隈４丁目,単独世帯,13,13,13,13,True,13.0,1.5705157970556336,325.2463540482487,309.1053224541374
西月隈５丁目,夫婦のみの世帯,31,62,0,0,True,0.0,-0.0,0.0,0.0
西月隈５丁目,夫婦と子供から成る世帯,59,219,0,0,True,0.0,-0.0,0.0,0.0
西月隈５丁目,その他の核家族世帯,30,68,0,0,True,0.0,-0.0,0.0,0.0
西月隈５丁目,核家族以外の世帯,22,92,0,0,True,0.0,-0.0,0.0,0.0
西月隈５丁目,非親族を含む世帯,3,6,0,0,True,0.0,-0.0,0.0,0.0
西月隈５丁目,単独世帯,108,108,0,0,True,0.0,0.0,0.0,0.0
西月隈６丁目,夫婦のみの世帯,0,0,9,9,True,0.0,-0.0,242.6468741848176,241.55959401762522
西月隈６丁目,夫婦と子供から成る世帯,4,18,9,9,True,0.0,-0.0,242.6468741848176,241.55959401762522
西月隈６丁目,その他の核家族世帯,1,3,9,9,True,0.0,-0.0,242.6468741848176,241.55959401762522
西月隈６丁目,核家族以外の世帯,1,2,9,9,True,0.0,-0.0,242.6468741848176,241.55959401762522
西月隈６丁目,非親族を含む世帯,2,4,9,9,True,0.0,-0.0,242.6468741848176,241.55959401762522
西月隈６丁目,単独世帯,23,23,9,9,True,9.0,1.0872801671923618,252.73415435201002,241.55959401762522
諸岡１丁目,夫婦のみの世帯,64,128,2,7,False,0.3764705882352941,-0.255367649740122,-194.44743219069147,-193.4287803344103
諸岡１丁目,夫婦と子供から成る世帯,128,464,2,7,False,0.7529411764705882,-0.6331736090928014,-194.4487675618089,-193.4287803344103
諸岡１丁目,その他の核家族世帯,36,86,2,7,False,0.21176470588235294,-0.15732528189175538,-194.5140957051961,-193.4287803344103
諸岡１丁目,核家族以外の世帯,35,160,2,7,False,0.20588235294117646,-0.14860758272740468,-194.5112603589729,-193.4287803344103
諸岡１丁目,非親族を含む世帯,0,0,2,7,False,0.0,-0.0,-194.56853512918667,-193.4287803344103
諸岡１丁目,単独世帯,77,77,2,7,False,0.45294117647058824,0.054719328675694026,-194.06087462404037,-193.4287803344103
諸岡２丁目,夫婦のみの世帯,89,178,0,0,True,0.0,-0.0,0.0,0.0
諸岡２丁目,夫婦と子供から成る世帯,126,452,0,0,True,0.0,-0.0,0.0,0.0
諸岡２丁目,その他の核家族世帯,46,116,0,0,True,0.0,-0.0,0.0,0.0
諸岡２丁目,核家族以外の世帯,14,60,0,0,True,0.0,-0.0,0.0,0.0
諸岡２丁目,非親族を含む世帯,9,25,0,0,True,0.0,-0.0,0.0,0.0
諸岡２丁目,単独世帯,193,193,0,0,True,0.0,0.0,0.0,0.0
諸岡３丁目,夫婦のみの世帯,218,436,5,5,True,0.0,-0.0,0.6040445373290897,0.0
諸岡３丁目,夫婦と子供から成る世帯,506,1876,5,5,True,0.0,-0.0,0.6040445373290897,0.0
諸岡３丁目,その他の核家族世帯,120,289,5,5,True,0.0,-0.0,0.6040445373290897,0.0
諸岡３丁目,核家族以外の世帯,75,291,5,5,True,0.0,-0.0,0.6040445373290897,0.0
諸岡３丁目,非親族を含む世帯,14,38,5,5,True,0.0,-0.0,0.6040445373290897,0.0
諸岡３丁目,単独世帯,699,699,5,5,True,5.0,0.6040445373290899,6.208089074658179,0.0
諸岡４丁目,夫婦のみの世帯,146,292,0,0,True,0.0,-0.0,0.0,0.0
諸岡４丁目,夫婦と子供から成る世帯,160,564,0,0,True,0.0,-0.0,0.0,0.0
諸岡４丁目,その他の核家族世帯,73,166,0,0,True,0.0,-0.0,0.0,0.0
諸岡４丁目,核家族以外の世帯,57,217,0,0,True,0.0,-0.0,0.0,0.0
諸岡４丁目,非親族を含む世帯,17,43,0,0,True,0.0,-0.0,0.0,0.0
諸岡４丁目,単独世帯,380,380,0,0,True,0.0,0.0,0.0,0.0
諸岡５丁目,夫婦のみの世帯,136,272,37,37,True,0.0,-0.0,519.3372753064082,514.8673457301732
諸岡５丁目,夫婦と子供から成る世帯,215,768,37,37,True,0.0,-0.0,519.3372753064082,514.8673457301732
諸岡５丁目,その他の核家族世帯,62,150,37,37,True,0.0,-0.0,519.3372753064082,514.8673457301732
諸岡５丁目,核家族以外の世帯,41,158,37,37,True,0.0,-0.0,519.3372753064082,514.8673457301732
諸岡５丁目,非親族を含む世帯,6,12,37,37,True,0.0,-0.0,519.3372753064082,514.8673457301732
諸岡５丁目,単独世帯,464,464,37,37,True,37.0,4.469929576235265,560.8072048826436,514.8673457301732
諸岡６丁目,夫婦のみの世帯,109,218,22,22,True,0.0,-0.0,413.9855914630122,411.32779549876415
諸岡６丁目,夫婦と子供から成る世帯,154,530,22,22,True,0.0,-0.0,413.9855914630122,411.32779549876415
諸岡６丁目,その他の核家族世帯,42,98,22,22,True,0.0,-0.0,413.9855914630122,411.32779549876415
諸岡６丁目,核家族以外の世帯,32,128,22,22,True,0.0,-0.0,413.9855914630122,411.32779549876415
諸岡６丁目,非親族を含む世帯,12,29,22,22,True,0.0,-0.0,413.9855914630122,411.32779549876415
諸岡６丁目,単独世帯,289,289,22,22,True,22.0,2.657795964247996,438.6433874272603,411.32779549876415
豊１丁目,夫婦のみの世帯,73,146,2,2,True,0.0,-0.0,0.24161781493163614,0.0
豊１丁目,夫婦と子供から成る世帯,71,247,2,2,True,0.0,-0.0,0.24161781493163614,0.0
豊１丁目,その他の核家族世帯,24,59,2,2,True,0.0,-0.0,0.24161781493163614,0.0
豊１丁目,核家族以外の世帯,21,59,2,2,True,0.0,-0.0,0.24161781493163614,0.0
豊１丁目,非親族を含む世帯,16,32,2,2,True,0.0,-0.0,0.24161781493163614,0.0
豊１丁目,単独世帯,522,522,2,2,True,2.0,0.24161781493163595,2.4832356298632723,0.0
豊２丁目,夫婦のみの世帯,56,112,4,5,False,0.5125858123569794,-0.34769737207179086,-122.00076379619463,-121.46355078684489
豊２丁目,夫婦と子供から成る世帯,54,185,4,5,False,0.494279176201373,-0.41565601626658444,-122.08702907654504,-121.46355078684489
豊２丁目,その他の核家族世帯,10,20,4,5,False,0.09153318077803203,-0.06800228304499978,-122.14212133874679,-121.46355078684489
豊２丁目,核家族以外の世帯,9,24,4,5,False,0.08237986270022883,-0.05946246526915441,-122.14273483904876,-121.46355078684489
豊２丁目,非親族を含む世帯,20,40,4,5,False,0.18306636155606407,-0.1297543917023739,-122.11234026662613,-121.46355078684489
豊２丁目,単独世帯,288,288,4,5,False,2.6361556064073226,0.3184710787199595,-119.21102555135258,-121.46355078684489
那珂１丁目,夫婦のみの世帯,117,234,8,9,False,0.9770354906054279,-0.6627430262697059,-324.4447844127995,-322.4795406717355
那珂１丁目,夫婦と子供から成る世帯,197,705,8,9,False,1.6450939457202505,-1.3834149379252294,-324.4973978693402,-322.4795406717355
那珂１丁目,その他の核家族世帯,66,166,8,9,False,0.5511482254697286,-0.4094617635874497,-324.61739041525294,-322.4795406717355
那珂１丁目,核家族以外の世帯,48,188,8,9,False,0.40083507306889354,-0.2893260662226358,-324.6475678702889,-322.4795406717355
那珂１丁目,非親族を含む世帯,10,27,8,9,False,0.08350730688935282,-0.05918858995191795,-324.73475816019777,-322.4795406717355
那珂１丁目,単独世帯,520,520,8,9,False,4.3423799582463465,0.5245981785572054,-319.8920987403317,-322.4795406717355
那珂２丁目,夫婦のみの世帯,98,196,5,8,False,0.8581436077057792,-0.5820962462607312,-291.43299276190385,-289.7729803949174
那珂２丁目,夫婦と子供から成る世帯,158,580,5,8,False,1.38353765323993,-1.1634634372422727,-291.4889659073512,-289.7729803949174
那珂２丁目,その他の核家族世帯,41,96,5,8,False,0.3590192644483362,-0.2667243663128855,-291.61674522521344,-289.7729803949174
那珂２丁目,核家族以外の世帯,26,97,5,8,False,0.22767075306479861,-0.16433462988619685,-291.64570400017027,-289.7729803949174
那珂２丁目,非親族を含む世帯,3,6,5,8,False,0.02626970227670753,-0.018619527968674714,-291.70138994904084,-289.7729803949174
那珂２丁目,単独世帯,245,245,5,8,False,2.1453590192644483,0.2591784792392767,-289.30450262484516,-289.7729803949174
那珂３丁目,夫婦のみの世帯,113,226,1,5,False,0.1446862996158771,-0.09814365700039501,-83.90212614949618,-83.4662051783639
那珂３丁目,夫婦と子供から成る世帯,249,945,1,5,False,0.31882202304737517,-0.26810818334765407,-83.89795495241195,-83.4662051783639
那珂３丁目,その他の核家族世帯,118,288,1,5,False,0.15108834827144688,-0.11224730241672404,-83.90982774625695,-83.4662051783639
那珂３丁目,核家族以外の世帯,36,140,1,5,False,0.046094750320102434,-0.033271571475826475,-83.93584561326739,-83.4662051783639
那珂３丁目,非親族を含む世帯,11,25,1,5,False,0.014084507042253521,-0.009982864291186163,-83.9445671493606,-83.4662051783639
那珂３丁目,単独世帯,254,254,1,5,False,0.32522407170294493,0.039289964784017625,-83.58415475562471,-83.4662051783639
那珂４丁目,夫婦のみの世帯,84,168,2,2,True,0.0,-0.0,0.24161781493163614,0.0
那珂４丁目,夫婦と子供から成る世帯,228,852,2,2,True,0.0,-0.0,0.24161781493163614,0.0
那珂４丁目,その他の核家族世帯,62,150,2,2,True,0.0,-0.0,0.24161781493163614,0.0
那珂４丁目,核家族以外の世帯,32,121,2,2,True,0.0,-0.0,0.24161781493163614,0.0
那珂４丁目,非親族を含む世帯,4,10,2,2,True,0.0,-0.0,0.24161781493163614,0.0
那珂４丁目,単独世帯,200,200,2,2,True,2.0,0.24161781493163595,2.4832356298632723,0.0
那珂５丁目,夫婦のみの世帯,66,132,17,17,True,0.0,-0.0,363.5076635302219,361.453912103303
那珂５丁目,夫婦と子供から成る世帯,126,458,17,17,True,0.0,-0.0,363.5076635302219,361.453912103303
那珂５丁目,その他の核家族世帯,46,114,17,17,True,0.0,-0.0,363.5076635302219,361.453912103303
那珂５丁目,核家族以外の世帯,21,83,17,17,True,0.0,-0.0,363.5076635302219,361.453912103303
那珂５丁目,非親族を含む世帯,5,15,17,17,True,0.0,-0.0,363.5076635302219,361.453912103303
那珂５丁目,単独世帯,223,223,17,17,True,17.0,2.0537514269189057,382.561414957141,361.453912103303
那珂６丁目,夫婦のみの世帯,58,116,0,0,True,0.0,-0.0,0.0,0.0
那珂６丁目,夫婦と子供から成る世帯,124,454,0,0,True,0.0,-0.0,0.0,0.0
那珂６丁目,その他の核家族世帯,25,62,0,0,True,0.0,-0.0,0.0,0.0
那珂６丁目,核家族以外の世帯,17,78,0,0,True,0.0,-0.0,0.0,0.0
那珂６丁目,非親族を含む世帯,0,0,0,0,True,0.0,-0.0,0.0,0.0
那珂６丁目,単独世帯,228,228,0,0,True,0.0,0.0,0.0,0.0
金の隈１丁目,夫婦のみの世帯,132,264,8,8,True,0.0,-0.0,223.08645586962882,222.11998460990233
金の隈１丁目,夫婦と子供から成る世帯,192,733,8,8,True,0.0,-0.0,223.08645586962882,222.11998460990233
金の隈１丁目,その他の核家族世帯,49,119,8,8,True,0.0,-0.0,223.08645586962882,222.11998460990233
金の隈１丁目,核家族以外の世帯,41,176,8,8,True,0.0,-0.0,223.08645586962882,222.11998460990233
金の隈１丁目,非親族を含む世帯,6,12,8,8,True,0.0,-0.0,223.08645586962882,222.11998460990233
金の隈１丁目,単独世帯,235,235,8,8,True,8.0,0.9664712597265438,232.05292712935534,222.11998460990233
金の隈２丁目,夫婦のみの世帯,52,104,5,5,True,0.0,-0.0,0.6040445373290897,0.0
金の隈２丁目,夫婦と子供から成る世帯,96,353,5,5,True,0.0,-0.0,0.6040445373290897,0.0
金の隈２丁目,その他の核家族世帯,30,75,5,5,True,0.0,-0.0,0.6040445373290897,0.0
金の隈２丁目,核家族以外の世帯,16,74,5,5,True,0.0,-0.0,0.6040445373290897,0.0
金の隈２丁目,非親族を含む世帯,3,8,5,5,True,0.0,-0.0,0.6040445373290897,0.0
金の隈２丁目,単独世帯,110,110,5,5,True,5.0,0.6040445373290899,6.208089074658179,0.0
金の隈３丁目,夫婦のみの世帯,91,182,47,51,False,6.943181818181818,-4.7097013101041325,-736.047569225296,-724.4664527611576
金の隈３丁目,夫婦と子供から成る世帯,136,495,47,51,False,10.376623376623376,-8.72605228521461,-736.6304786419648,-724.4664527611576
金の隈３丁目,その他の核家族世帯,29,66,47,51,False,2.2126623376623376,-1.6438420394633222,-737.7122294351745,-724.4664527611576
金の隈３丁目,核家族以外の世帯,28,118,47,51,False,2.1363636363636362,-1.54204491687268,-737.6867310138828,-724.4664527611576
金の隈３丁目,非親族を含む世帯,4,10,47,51,False,0.30519480519480524,-0.2163170009070664,-738.1921719290858,-724.4664527611576
金の隈３丁目,単独世帯,328,328,47,51,False,25.025974025974023,3.0233605803458596,-710.2317151270533,-724.4664527611576
銀天町１丁目,夫婦のみの世帯,20,40,1,1,True,0.0,-0.0,0.12080890746581807,0.0
銀天町１丁目,夫婦と子供から成る世帯,37,128,1,1,True,0.0,-0.0,0.12080890746581807,0.0
銀天町１丁目,その他の核家族世帯,14,35,1,1,True,0.0,-0.0,0.12080890746581807,0.0
銀天町１丁目,核家族以外の世帯,4,17,1,1,True,0.0,-0.0,0.12080890746581807,0.0
銀天町１丁目,非親族を含む世帯,0,0,1,1,True,0.0,-0.0,0.12080890746581807,0.0
銀天町１丁目,単独世帯,57,57,1,1,True,1.0,0.12080890746581797,1.2416178149316361,0.0
銀天町２丁目,夫婦のみの世帯,19,38,7,7,True,0.0,-0.0,0.8456623522607263,0.0
銀天町２丁目,夫婦と子供から成る世帯,19,68,7,7,True,0.0,-0.0,0.8456623522607263,0.0
銀天町２丁目,その他の核家族世帯,7,17,7,7,True,0.0,-0.0,0.8456623522607263,0.0
銀天町２丁目,核家族以外の世帯,2,5,7,7,True,0.0,-0.0,0.8456623522607263,0.0
銀天町２丁目,非親族を含む世帯,2,4,7,7,True,0.0,-0.0,0.8456623522607263,0.0
銀天町２丁目,単独世帯,116,116,7,7,True,7.0,0.845662352260726,8.691324704521453,0.0
銀天町３丁目,夫婦のみの世帯,17,34,0,0,True,0.0,-0.0,0.0,0.0
銀天町３丁目,夫婦と子供から成る世帯,15,50,0,0,True,0.0,-0.0,0.0,0.0
銀天町３丁目,その他の核家族世帯,9,18,0,0,True,0.0,-0.0,0.0,0.0
銀天町３丁目,核家族以外の世帯,5,13,0,0,True,0.0,-0.0,0.0,0.0
銀天町３丁目,非親族を含む世帯,4,8,0,0,True,0.0,-0.0,0.0,0.0
銀天町３丁目,単独世帯,167,167,0,0,True,0.0,0.0,0.0,0.0
青木１丁目,夫婦のみの世帯,127,254,2,5,False,0.3735294117647059,-0.25337258997652734,-163.88004381080458,-163.0576707438997
青木１丁目,夫婦と子供から成る世帯,234,861,2,5,False,0.6882352941176471,-0.5787602520613888,-163.8907255905365,-163.0576707438997
青木１丁目,その他の核家族世帯,53,133,2,5,False,0.15588235294117647,-0.11580888805920882,-163.9601271677108,-163.0576707438997
青木１丁目,核家族以外の世帯,33,130,2,5,False,0.09705882352941177,-0.07005786042863364,-163.97319966949198,-163.0576707438997
青木１丁目,非親族を含む世帯,3,12,2,5,False,0.008823529411764706,-0.006253970864772506,-163.99763107404578,-163.0576707438997
青木１丁目,単独世帯,230,230,2,5,False,0.6764705882352942,0.08172367269746511,-163.24200637166,-163.0576707438997
青木２丁目,夫婦のみの世帯,2,4,0,0,True,0.0,-0.0,0.0,0.0
青木２丁目,夫婦と子供から成る世帯,2,7,0,0,True,0.0,-0.0,0.0,0.0
青木２丁目,その他の核家族世帯,1,4,0,0,True,0.0,-0.0,0.0,0.0
青木２丁目,核家族以外の世帯,1,6,0,0,True,0.0,-0.0,0.0,0.0
青木２丁目,非親族を含む世帯,0,0,0,0,True,0.0,-0.0,0.0,0.0
青木２丁目,単独世帯,0,0,0,0,True,0.0,0.0,0.0,0.0
須崎町,夫婦のみの世帯,54,108,3,5,False,0.2297872340425532,-0.15586935004084576,-35.33582563024482,-35.20623924117615
須崎町,夫婦と子供から成る世帯,49,171,3,5,False,0.20851063829787236,-0.17534362246486157,-35.37657649841351,-35.20623924117615
須崎町,その他の核家族世帯,32,72,3,5,False,0.13617021276595745,-0.10116424745758267,-35.37473754893815,-35.20623924117615
須崎町,核家族以外の世帯,11,41,3,5,False,0.04680851063829787,-0.03378676956841906,-35.39672177317665,-35.20623924117615
須崎町,非親族を含む世帯,7,16,3,5,False,0.029787234042553193,-0.021112695969019244,-35.40106897617299,-35.20623924117615
須崎町,単独世帯,552,552,3,5,False,2.348936170212766,0.2837724124303469,-32.777034931603446,-35.20623924117615
麦野１丁目,夫婦のみの世帯,74,148,1,5,False,0.19321148825065274,-0.1310592784648635,-70.71897731231063,-70.37434142139472
麦野１丁目,夫婦と子供から成る世帯,84,291,1,5,False,0.2193211488250653,-0.1844345450768033,-70.74624291834816,-70.37434142139472
麦野１丁目,その他の核家族世帯,32,69,1,5,False,0.0835509138381201,-0.06207205783950894,-70.75965066609781,-70.37434142139472
麦野１丁目,核家族以外の世帯,38,170,1,5,False,0.09921671018276762,-0.07161544083692908,-70.75352825275058,-70.37434142139472
麦野１丁目,非親族を含む世帯,3,7,1,5,False,0.007832898172323759,-0.005551827921730162,-70.77884845184583,-70.37434142139472
麦野１丁目,単独世帯,152,152,1,5,False,0.3968668407310705,0.04794504943813142,-70.33631763192722,-70.37434142139472
麦野２丁目,夫婦のみの世帯,85,170,0,0,True,0.0,-0.0,0.0,0.0
麦野２丁目,夫婦と子供から成る世帯,143,519,0,0,True,0.0,-0.0,0.0,0.0
麦野２丁目,その他の核家族世帯,49,125,0,0,True,0.0,-0.0,0.0,0.0
麦野２丁目,核家族以外の世帯,18,69,0,0,True,0.0,-0.0,0.0,0.0
麦野２丁目,非親族を含む世帯,3,8,0,0,True,0.0,-0.0,0.0,0.0
麦野２丁目,単独世帯,107,107,0,0,True,0.0,0.0,0.0,0.0
麦野３丁目,夫婦のみの世帯,55,110,79,80,False,10.495169082125605,-7.119086446276462,-780.7870093110455,-752.507924798563
麦野３丁目,夫婦と子供から成る世帯,130,501,79,80,False,24.806763285024154,-20.860843223790795,-780.2171718856612,-752.507924798563
麦野３丁目,その他の核家族世帯,30,85,79,80,False,5.724637681159421,-4.252976118772695,-782.6914303845078,-752.507924798563
麦野３丁目,核家族以外の世帯,21,95,79,80,False,4.007246376811595,-2.8924635304768773,-783.0483091005599,-752.507924798563
麦野３丁目,非親族を含む世帯,4,10,79,80,False,0.7632850241545893,-0.5410037276257311,-783.9408106503656,-752.507924798563
麦野３丁目,単独世帯,174,174,79,80,False,33.20289855072463,4.0112058986114345,-746.9489874975579,-752.507924798563
麦野４丁目,夫婦のみの世帯,124,248,5,6,False,0.6581740976645435,-0.44645286429486564,-217.84612655066474,-216.75085163436268
麦野４丁目,夫婦と子供から成る世帯,162,588,5,6,False,0.8598726114649681,-0.723095856323636,-217.9210710288931,-216.75085163436268
麦野４丁目,その他の核家族世帯,78,187,5,6,False,0.41401273885350315,-0.3075803901103852,-217.95141543529132,-216.75085163436268
麦野４丁目,核家族以外の世帯,34,125,5,6,False,0.18046709129511676,-0.13026263696760676,-218.00764332970692,-216.75085163436268
麦野４丁目,非親族を含む世帯,11,27,5,6,False,0.0583864118895966,-0.04138331747036301,-218.0408446896152,-216.75085163436268
麦野４丁目,単独世帯,533,533,5,6,False,2.829087048832272,0.341778915495122,-214.88698181970705,-216.75085163436268
麦野５丁目,夫婦のみの世帯,133,266,4,4,True,0.0,-0.0,0.4832356298632723,0.0
麦野５丁目,夫婦と子供から成る世帯,176,626,4,4,True,0.0,-0.0,0.4832356298632723,0.0
麦野５丁目,その他の核家族世帯,88,209,4,4,True,0.0,-0.0,0.4832356298632723,0.0
麦野５丁目,核家族以外の世帯,44,170,4,4,True,0.0,-0.0,0.4832356298632723,0.0
麦野５丁目,非親族を含む世帯,9,23,4,4,True,0.0,-0.0,0.4832356298632723,0.0
麦野５丁目,単独世帯,349,349,4,4,True,4.0,0.4832356298632719,4.966471259726545,0.0
麦野６丁目,夫婦のみの世帯,82,164,2,4,False,0.21106821106821108,-0.14317185639387472,-66.8600885341834,-66.54334129754247
麦野６丁目,夫婦と子供から成る世帯,98,343,2,4,False,0.25225225225225223,-0.21212741971295992,-66.88786005631843,-66.54334129754247
麦野６丁目,その他の核家族世帯,51,116,2,4,False,0.13127413127413126,-0.097526826397935,-66.89423758398152,-66.54334129754247
麦野６丁目,核家族以外の世帯,37,130,2,4,False,0.09523809523809523,-0.06874364371063618,-66.90149043733027,-66.54334129754247
麦野６丁目,非親族を含む世帯,10,20,2,4,False,0.02574002574002574,-0.018244102050816408,-66.92048896516852,-66.54334129754247
麦野６丁目,単独世帯,499,499,2,4,False,1.2844272844272844,0.15517025695094766,-65.48838734747952,-66.54334129754247
